priority,overall_status,overall_risk_score,issue_category_final,recommended_check,time_start,time_end,device_name,logical_name,pn,side,och,och_group,center_frequency,ber_status,ber_risk_score,ber_mean,ber_p95,ber_max,ber_last,frequency_status,frequency_risk_score,issue_category,device_status,device_risk_score,power_device_status,edfa_device_status,channel_key,record_count,ber_median,ber_min,ber_critical_count,ber_warning_count,power_critical_count,power_warning_count
P1,Critical,100.0,Critical BER correlated with frequency-level degradation,"P1. Check optical channel/frequency, OCH power behavior, EDFA section and transponder Pre-FEC BER trend.",2000-01-08 13:00:00,2000-01-15 07:00:00,T11,/1/1/L2,ot2,A,23.0,4.0,196100000.0,Critical,100.0,0.0032211656441717,0.004429,0.00501,0.00265,Critical,100.0,BER critical only,Unknown,0.0,,,T11|/1/1/L2|23.0|4.0|196100000.0|A|ot2,163,0.00316,0.00208,1,0,0,0
P1,Critical,100.0,Frequency-level critical condition affecting this channel,P1/P2. Frequency has critical power or BER behavior. Check whether this channel shares the affected frequency group.,2000-01-08 13:00:00,2000-01-15 07:00:00,T11,/1/1/L1,ot2,Z,12.0,3.0,196100000.0,Normal,89.0,0.0026722699386503,0.003479,0.00395,0.0021,Critical,100.0,BER critical only,Unknown,0.0,,,T11|/1/1/L1|12.0|3.0|196100000.0|Z|ot2,163,0.00261,0.00204,1,0,0,0
P1,Critical,100.0,Frequency-level critical condition affecting this channel,P1/P2. Frequency has critical power or BER behavior. Check whether this channel shares the affected frequency group.,2000-01-08 13:00:00,2000-01-15 07:00:00,T6,/1/1/L2,ot2,A,12.0,3.0,196100000.0,Normal,84.0,0.0024276687116564,0.00283,0.00295,0.00233,Critical,100.0,BER critical only,Unknown,0.0,,,T6|/1/1/L2|12.0|3.0|196100000.0|A|ot2,163,0.0024,0.0019,1,0,0,0
P1,Critical,100.0,Frequency-level critical condition affecting this channel,P1/P2. Frequency has critical power or BER behavior. Check whether this channel shares the affected frequency group.,2000-01-08 13:00:00,2000-01-15 07:00:00,T16,/1/3/L1,ot2,Z,23.0,4.0,196100000.0,Normal,73.0,0.0021445398773006,0.00261,0.00321,0.00253,Critical,100.0,BER critical only,Unknown,0.0,,,T16|/1/3/L1|23.0|4.0|196100000.0|Z|ot2,163,0.00215,0.00166,1,0,0,0
P3,Normal,86.0,Normal channel with side-specific monitoring available,No immediate action. Continue monitoring.,2000-01-08 13:00:00,2000-01-15 07:00:00,T11,/1/2/L2,ot2,A,21.0,4.0,192200000.0,Normal,86.0,0.0019185889570552,0.00287,0.00362,0.00149,Normal,86.0,No abnormal behavior detected,Unknown,0.0,,,T11|/1/2/L2|21.0|4.0|192200000.0|A|ot2,163,0.0018,0.00129,0,0,0,0
P3,Normal,86.0,Normal channel with side-specific monitoring available,No immediate action. Continue monitoring.,2000-01-08 13:00:00,2000-01-15 07:00:00,T16,/1/2/L1,ot2,Z,21.0,4.0,192200000.0,Normal,82.0,0.0021298773006134,0.002799,0.0034,0.00208,Normal,86.0,No abnormal behavior detected,Unknown,0.0,,,T16|/1/2/L1|21.0|4.0|192200000.0|Z|ot2,163,0.00204,0.00166,0,0,0,0
P3,Normal,86.0,Normal channel with side-specific monitoring available,No immediate action. Continue monitoring.,2000-01-08 13:00:00,2000-01-15 07:00:00,T11,/1/2/L1,ot2,Z,13.0,3.0,192200000.0,Normal,73.0,0.0021690184049079,0.00261,0.00338,0.00214,Normal,86.0,No abnormal behavior detected,Unknown,0.0,,,T11|/1/2/L1|13.0|3.0|192200000.0|Z|ot2,163,0.0021,0.00184,0,0,0,0
P3,Normal,86.0,Normal channel with side-specific monitoring available,No immediate action. Continue monitoring.,2000-01-08 13:00:00,2000-01-15 07:00:00,T6,/1/2/L2,ot2,A,13.0,3.0,192200000.0,Normal,40.0,0.0016000613496932,0.001818,0.00215,0.00172,Normal,86.0,No abnormal behavior detected,Unknown,0.0,,,T6|/1/2/L2|13.0|3.0|192200000.0|A|ot2,163,0.00156,0.00146,0,0,0,0
P3,Normal,80.0,Normal channel with side-specific monitoring available,No immediate action. Continue monitoring.,2000-01-08 13:00:00,2000-01-15 07:00:00,T13,/1/1/L1,ot2,Z,19.0,3.0,193500000.0,Normal,80.0,0.0021779754601226,0.00269,0.00311,0.00198,Normal,80.0,No abnormal behavior detected,Unknown,0.0,,,T13|/1/1/L1|19.0|3.0|193500000.0|Z|ot2,163,0.00217,0.00165,0,0,0,0
P3,Normal,80.0,Normal channel with side-specific monitoring available,No immediate action. Continue monitoring.,2000-01-08 13:00:00,2000-01-15 07:00:00,T7,/1/4/L2,ot2,A,19.0,3.0,193500000.0,Normal,38.0,0.0014723926380368,0.00181,0.0019,0.00142,Normal,80.0,No abnormal behavior detected,Unknown,0.0,,,T7|/1/4/L2|19.0|3.0|193500000.0|A|ot2,163,0.00145,0.0012,0,0,0,0
P3,Normal,76.0,Normal channel with side-specific monitoring available,No immediate action. Continue monitoring.,2000-01-08 13:00:00,2000-01-15 07:00:00,T10,/1/2/L2,ot2,A,22.0,4.0,193200000.0,Normal,76.0,0.0018015950920245,0.002655,0.0031,0.00121,Normal,76.0,No abnormal behavior detected,Unknown,0.0,,,T10|/1/2/L2|22.0|4.0|193200000.0|A|ot2,163,0.00174,0.00116,0,0,0,0
P3,Normal,76.0,Normal channel with side-specific monitoring available,No immediate action. Continue monitoring.,2000-01-08 13:00:00,2000-01-15 07:00:00,T10,/1/2/L1,ot2,Z,10.0,3.0,193200000.0,Normal,54.0,0.0018444171779141,0.002189,0.00232,0.00212,Normal,76.0,No abnormal behavior detected,Unknown,0.0,,,T10|/1/2/L1|10.0|3.0|193200000.0|Z|ot2,163,0.00183,0.00153,0,0,0,0
P3,Normal,76.0,Normal channel with side-specific monitoring available,No immediate action. Continue monitoring.,2000-01-08 13:00:00,2000-01-15 07:00:00,T16,/1/1/L2,ot2,Z,22.0,4.0,193200000.0,Normal,32.0,0.0013019018404907,0.001649,0.0022,0.00149,Normal,76.0,No abnormal behavior detected,Unknown,0.0,,,T16|/1/1/L2|22.0|4.0|193200000.0|Z|ot2,163,0.00125,0.00108,0,0,0,0
P3,Normal,76.0,Normal channel with side-specific monitoring available,No immediate action. Continue monitoring.,2000-01-08 13:00:00,2000-01-15 07:00:00,T5,/1/2/L2,ot2,A,10.0,3.0,193200000.0,Normal,20.0,0.0010796319018404,0.00115,0.00122,0.00105,Normal,76.0,No abnormal behavior detected,Unknown,0.0,,,T5|/1/2/L2|10.0|3.0|193200000.0|A|ot2,163,0.00107,0.00102,0,0,0,0
P3,Normal,63.0,Normal channel with side-specific monitoring available,No immediate action. Continue monitoring.,2000-01-08 13:00:00,2000-01-15 07:00:00,T12,/1/1/L1,ot2,Z,11.0,3.0,192300000.0,Normal,63.0,0.0022855828220858,0.00248,0.00261,0.00242,Normal,63.0,No abnormal behavior detected,Unknown,0.0,,,T12|/1/1/L1|11.0|3.0|192300000.0|Z|ot2,163,0.00228,0.00191,0,0,0,0
P3,Normal,63.0,Normal channel with side-specific monitoring available,No immediate action. Continue monitoring.,2000-01-08 13:00:00,2000-01-15 07:00:00,T12,/1/2/L1,ot2,Z,8.0,3.0,192400000.0,Normal,63.0,0.0023036196319018,0.00248,0.00277,0.00237,Normal,63.0,No abnormal behavior detected,Unknown,0.0,,,T12|/1/2/L1|8.0|3.0|192400000.0|Z|ot2,163,0.00231,0.00196,0,0,0,0
P3,Normal,63.0,Normal channel with side-specific monitoring available,No immediate action. Continue monitoring.,2000-01-08 13:00:00,2000-01-15 07:00:00,T7,/1/1/L2,ot2,A,11.0,3.0,192300000.0,Normal,36.0,0.0015889570552147,0.001799,0.00194,0.00158,Normal,63.0,No abnormal behavior detected,Unknown,0.0,,,T7|/1/1/L2|11.0|3.0|192300000.0|A|ot2,163,0.00157,0.00142,0,0,0,0
P3,Normal,63.0,Normal channel with side-specific monitoring available,No immediate action. Continue monitoring.,2000-01-08 13:00:00,2000-01-15 07:00:00,T7,/1/2/L2,ot2,A,8.0,3.0,192400000.0,Normal,27.0,0.0014661963190184,0.00157,0.00165,0.00148,Normal,63.0,No abnormal behavior detected,Unknown,0.0,,,T7|/1/2/L2|8.0|3.0|192400000.0|A|ot2,163,0.00145,0.00138,0,0,0,0
P3,Normal,58.0,Normal channel with side-specific monitoring available,No immediate action. Continue monitoring.,2000-01-08 13:00:00,2000-01-15 07:00:00,T10,/1/3/L1,ot2,Z,14.0,3.0,193300000.0,Normal,58.0,0.0017849693251533,0.002315,0.00255,0.00196,Normal,58.0,No abnormal behavior detected,Unknown,0.0,,,T10|/1/3/L1|14.0|3.0|193300000.0|Z|ot2,163,0.00174,0.00139,0,0,0,0
P3,Normal,58.0,Normal channel with side-specific monitoring available,No immediate action. Continue monitoring.,2000-01-08 13:00:00,2000-01-15 07:00:00,T5,/1/3/L2,ot2,A,14.0,3.0,193300000.0,Normal,30.0,0.0013814110429447,0.00159,0.00168,0.00129,Normal,58.0,No abnormal behavior detected,Unknown,0.0,,,T5|/1/3/L2|14.0|3.0|193300000.0|A|ot2,163,0.00136,0.00121,0,0,0,0
P3,Normal,52.0,Normal channel with side-specific monitoring available,No immediate action. Continue monitoring.,2000-01-01 00:00:00,2000-01-15 07:00:00,T3,/1/5/L1,ot1,Z,3.0,1.0,191800000.0,Normal,52.0,0.0010151484011627,0.00214,0.00303,4.43e-05,Normal,52.0,No abnormal behavior detected,Unknown,0.0,,,T3|/1/5/L1|3.0|1.0|191800000.0|Z|ot1,688,0.001555,4.2e-05,0,0,0,0
P3,Normal,52.0,Normal channel with side-specific monitoring available,No immediate action. Continue monitoring.,2000-01-01 00:00:00,2000-01-15 07:00:00,T2,/1/1/L1,ot1,A,3.0,1.0,191800000.0,Normal,8.0,5.3603924418604654e-05,6.63e-05,7.83e-05,6.33e-05,Normal,52.0,No abnormal behavior detected,Unknown,0.0,,,T2|/1/1/L1|3.0|1.0|191800000.0|A|ot1,688,5.21e-05,4.52e-05,0,0,0,0
P3,Normal,50.0,Normal channel with side-specific monitoring available,No immediate action. Continue monitoring.,2000-01-01 00:00:00,2000-01-15 07:00:00,T3,/1/3/L1,ot1,Z,2.0,1.0,191600000.0,Normal,50.0,0.0009585700581395,0.00206,0.00256,5.46e-05,Normal,50.0,No abnormal behavior detected,Unknown,0.0,,,T3|/1/3/L1|2.0|1.0|191600000.0|Z|ot1,688,0.001475,5.1e-05,0,0,0,0
P3,Normal,50.0,Normal channel with side-specific monitoring available,No immediate action. Continue monitoring.,2000-01-01 00:00:00,2000-01-15 07:00:00,T1,/1/4/L1,ot1,A,2.0,1.0,191600000.0,Normal,12.0,6.392383720930232e-05,7.96e-05,0.000107,7.83e-05,Normal,50.0,No abnormal behavior detected,Unknown,0.0,,,T1|/1/4/L1|2.0|1.0|191600000.0|A|ot1,688,6.12e-05,5.17e-05,0,0,0,0
P3,Normal,45.0,Normal channel with side-specific monitoring available,No immediate action. Continue monitoring.,2000-01-08 13:00:00,2000-01-15 07:00:00,T13,/1/2/L1,ot2,Z,18.0,3.0,193800000.0,Normal,45.0,0.0016311042944785,0.001979,0.00207,0.00204,Normal,45.0,No abnormal behavior detected,Unknown,0.0,,,T13|/1/2/L1|18.0|3.0|193800000.0|Z|ot2,163,0.00159,0.00128,0,0,0,0
P3,Normal,45.0,Normal channel with side-specific monitoring available,No immediate action. Continue monitoring.,2000-01-08 13:00:00,2000-01-15 07:00:00,T8,/1/2/L2,ot2,A,18.0,3.0,193800000.0,Normal,42.0,0.001400981595092,0.00191,0.00204,0.00112,Normal,45.0,No abnormal behavior detected,Unknown,0.0,,,T8|/1/2/L2|18.0|3.0|193800000.0|A|ot2,163,0.00138,0.00105,0,0,0,0
P3,Normal,34.0,Normal channel with side-specific monitoring available,No immediate action. Continue monitoring.,2000-01-08 13:00:00,2000-01-15 07:00:00,T12,/1/3/L1,ot2,Z,16.0,3.0,193100000.0,Normal,34.0,0.0015885889570552,0.001789,0.002,0.00195,Normal,34.0,No abnormal behavior detected,Unknown,0.0,,,T12|/1/3/L1|16.0|3.0|193100000.0|Z|ot2,163,0.0016,0.00135,0,0,0,0
P3,Normal,34.0,Normal channel with side-specific monitoring available,No immediate action. Continue monitoring.,2000-01-08 13:00:00,2000-01-15 07:00:00,T7,/1/3/L2,ot2,A,16.0,3.0,193100000.0,Normal,22.0,0.0011966257668711,0.0013,0.00139,0.00117,Normal,34.0,No abnormal behavior detected,Unknown,0.0,,,T7|/1/3/L2|16.0|3.0|193100000.0|A|ot2,163,0.00119,0.00113,0,0,0,0
P3,Normal,27.0,Normal channel with side-specific monitoring available,No immediate action. Continue monitoring.,2000-01-01 00:00:00,2000-01-15 07:00:00,T3,/1/1/L1,ot1,Z,1.0,1.0,191400000.0,Normal,27.0,0.0007290377906976,0.00157,0.00213,3.88e-05,Normal,27.0,No abnormal behavior detected,Unknown,0.0,,,T3|/1/1/L1|1.0|1.0|191400000.0|Z|ot1,688,0.00109,3.46e-05,0,0,0,0
P3,Normal,27.0,Normal channel with side-specific monitoring available,No immediate action. Continue monitoring.,2000-01-01 00:00:00,2000-01-15 07:00:00,T1,/1/6/L1,ot1,A,1.0,1.0,191400000.0,Normal,10.0,5.78875e-05,6.799499999999999e-05,8.5e-05,5.78e-05,Normal,27.0,No abnormal behavior detected,Unknown,0.0,,,T1|/1/6/L1|1.0|1.0|191400000.0|A|ot1,688,5.96e-05,4.26e-05,0,0,0,0
P3,Normal,18.0,Normal channel with side-specific monitoring available,No immediate action. Continue monitoring.,2000-01-01 00:00:00,2000-01-15 07:00:00,T3,/1/4/L1,ot1,A,4.0,2.0,191700000.0,Normal,18.0,0.0004850703488372,0.00101,0.00109,1.72e-05,Normal,18.0,No abnormal behavior detected,Unknown,0.0,,,T3|/1/4/L1|4.0|2.0|191700000.0|A|ot1,688,0.0007985,1.49e-05,0,0,0,0
P3,Normal,18.0,Normal channel with side-specific monitoring available,No immediate action. Continue monitoring.,2000-01-01 00:00:00,2000-01-15 07:00:00,T4,/1/2/L1,ot1,Z,4.0,2.0,191700000.0,Normal,6.0,2.278183139534884e-05,3.22e-05,3.86e-05,1.48e-05,Normal,18.0,No abnormal behavior detected,Unknown,0.0,,,T4|/1/2/L1|4.0|2.0|191700000.0|Z|ot1,688,2.83e-05,1.32e-05,0,0,0,0
P3,Normal,16.0,Normal channel with side-specific monitoring available,No immediate action. Continue monitoring.,2000-01-01 00:00:00,2000-01-15 07:00:00,T3,/1/2/L1,ot1,A,6.0,2.0,191500000.0,Normal,16.0,0.0004167924418604,0.0009002999999999,0.00096,1.39e-05,Normal,16.0,No abnormal behavior detected,Unknown,0.0,,,T3|/1/2/L1|6.0|2.0|191500000.0|A|ot1,688,0.0006785,1.12e-05,0,0,0,0
P3,Normal,16.0,Normal channel with side-specific monitoring available,No immediate action. Continue monitoring.,2000-01-01 00:00:00,2000-01-15 07:00:00,T4,/1/1/L1,ot1,Z,6.0,2.0,191500000.0,Normal,4.0,2.132761627906977e-05,2.81e-05,3.3e-05,1.56e-05,Normal,16.0,No abnormal behavior detected,Unknown,0.0,,,T4|/1/1/L1|6.0|2.0|191500000.0|Z|ot1,688,2.38e-05,1.34e-05,0,0,0,0
P3,Normal,14.0,Normal channel with side-specific monitoring available,No immediate action. Continue monitoring.,2000-01-01 00:00:00,2000-01-15 07:00:00,T3,/1/6/L1,ot1,A,5.0,2.0,191900000.0,Normal,14.0,0.0002931354651162,0.0006182999999999,0.000655,9.71e-06,Normal,14.0,No abnormal behavior detected,Unknown,0.0,,,T3|/1/6/L1|5.0|2.0|191900000.0|A|ot1,688,0.000486,8.72e-06,0,0,0,0
P3,Normal,14.0,Normal channel with side-specific monitoring available,No immediate action. Continue monitoring.,2000-01-01 00:00:00,2000-01-15 07:00:00,T4,/1/3/L1,ot1,Z,5.0,2.0,191900000.0,Normal,2.0,1.5282427325581398e-05,2.11e-05,2.66e-05,1.12e-05,Normal,14.0,No abnormal behavior detected,Unknown,0.0,,,T4|/1/3/L1|5.0|2.0|191900000.0|Z|ot1,688,1.7650000000000002e-05,8.74e-06,0,0,0,0
P2,Warning,98.0,Normal channel with side-specific monitoring available,No immediate action. Continue monitoring.,2000-01-08 13:00:00,2000-01-15 07:00:00,T8,/1/3/L2,ot2,A,17.0,3.0,192000000.0,Normal,56.0,0.0018766871165644,0.0022689999999999,0.00245,0.0023,Warning,98.0,BER warning only,Unknown,0.0,,,T8|/1/3/L2|17.0|3.0|192000000.0|A|ot2,163,0.00184,0.00154,0,1,0,0
P2,Warning,98.0,BER warning correlated with frequency-level abnormality,P2. Monitor BER and frequency-level OCH power. Investigate early before Post-FEC/service impact.,2000-01-08 13:00:00,2000-01-15 07:00:00,T13,/1/3/L1,ot2,Z,17.0,3.0,192000000.0,Warning,98.0,0.0029755828220858,0.004347,0.0048,0.00213,Warning,98.0,BER warning only,Unknown,0.0,,,T13|/1/3/L1|17.0|3.0|192000000.0|Z|ot2,163,0.00271,0.00213,0,1,0,0
P2,Warning,96.0,Normal channel with side-specific monitoring available,No immediate action. Continue monitoring.,2000-01-08 13:00:00,2000-01-15 07:00:00,T16,/1/3/L2,ot2,Z,20.0,4.0,194400000.0,Normal,78.0,0.0021477914110429,0.00268,0.00391,0.00206,Warning,96.0,BER warning only,Unknown,0.0,,,T16|/1/3/L2|20.0|4.0|194400000.0|Z|ot2,163,0.00211,0.00151,0,1,0,0
P2,Warning,96.0,Normal channel with side-specific monitoring available,No immediate action. Continue monitoring.,2000-01-08 13:00:00,2000-01-15 07:00:00,T11,/1/3/L2,ot2,A,20.0,4.0,194400000.0,Normal,68.0,0.002002208588957,0.002499,0.00288,0.00173,Warning,96.0,BER warning only,Unknown,0.0,,,T11|/1/3/L2|20.0|4.0|194400000.0|A|ot2,163,0.00196,0.00149,0,1,0,0
P2,Warning,96.0,Normal channel with side-specific monitoring available,No immediate action. Continue monitoring.,2000-01-08 13:00:00,2000-01-15 07:00:00,T5,/1/4/L2,ot2,A,9.0,3.0,194400000.0,Normal,66.0,0.0019695705521472,0.00249,0.00269,0.00161,Warning,96.0,BER warning only,Unknown,0.0,,,T5|/1/4/L2|9.0|3.0|194400000.0|A|ot2,163,0.00188,0.00151,0,1,0,0
P2,Warning,96.0,BER warning correlated with frequency-level abnormality,P2. Monitor BER and frequency-level OCH power. Investigate early before Post-FEC/service impact.,2000-01-08 13:00:00,2000-01-15 07:00:00,T11,/1/3/L1,ot2,Z,9.0,3.0,194400000.0,Warning,96.0,0.0026295705521472,0.004042,0.00461,0.00249,Warning,96.0,BER warning only,Unknown,0.0,,,T11|/1/3/L1|9.0|3.0|194400000.0|Z|ot2,163,0.00254,0.00166,0,1,0,0
P2,Warning,94.0,Normal channel with side-specific monitoring available,No immediate action. Continue monitoring.,2000-01-08 13:00:00,2000-01-15 07:00:00,T16,/1/1/L1,ot2,Z,25.0,4.0,193000000.0,Normal,89.0,0.0024057055214723,0.003479,0.00452,0.00258,Warning,94.0,BER warning only,Unknown,0.0,,,T16|/1/1/L1|25.0|4.0|193000000.0|Z|ot2,163,0.00231,0.00175,0,1,0,0
P2,Warning,94.0,Normal channel with side-specific monitoring available,No immediate action. Continue monitoring.,2000-01-08 13:00:00,2000-01-15 07:00:00,T10,/1/1/L1,ot2,Z,7.0,3.0,193000000.0,Normal,70.0,0.0019403680981595,0.00257,0.00274,0.00211,Warning,94.0,BER warning only,Unknown,0.0,,,T10|/1/1/L1|7.0|3.0|193000000.0|Z|ot2,163,0.00183,0.00155,0,1,0,0
P2,Warning,94.0,Normal channel with side-specific monitoring available,No immediate action. Continue monitoring.,2000-01-08 13:00:00,2000-01-15 07:00:00,T5,/1/1/L2,ot2,A,7.0,3.0,193000000.0,Normal,24.0,0.0013335582822085,0.00153,0.00163,0.00127,Warning,94.0,BER warning only,Unknown,0.0,,,T5|/1/1/L2|7.0|3.0|193000000.0|A|ot2,163,0.00132,0.00118,0,1,0,0
P2,Warning,94.0,BER warning correlated with frequency-level abnormality,P2. Monitor BER and frequency-level OCH power. Investigate early before Post-FEC/service impact.,2000-01-08 13:00:00,2000-01-15 07:00:00,T10,/1/1/L2,ot2,A,25.0,4.0,193000000.0,Warning,94.0,0.0024461349693251,0.003725,0.00468,0.00185,Warning,94.0,BER warning only,Unknown,0.0,,,T10|/1/1/L2|25.0|4.0|193000000.0|A|ot2,163,0.00228,0.00147,0,1,0,0
P2,Warning,92.0,Normal channel with side-specific monitoring available,No immediate action. Continue monitoring.,2000-01-08 13:00:00,2000-01-15 07:00:00,T14,/1/1/L1,ot2,Z,15.0,3.0,192500000.0,Normal,60.0,0.0021830061349693,0.002458,0.00276,0.0023,Warning,92.0,BER warning only,Unknown,0.0,,,T14|/1/1/L1|15.0|3.0|192500000.0|Z|ot2,163,0.0022,0.00175,0,1,0,0
P2,Warning,92.0,Normal channel with side-specific monitoring available,No immediate action. Continue monitoring.,2000-01-08 13:00:00,2000-01-15 07:00:00,T14,/1/1/L2,ot2,A,24.0,4.0,192500000.0,Normal,48.0,0.0016578527607361,0.002025,0.00252,0.00158,Warning,92.0,BER warning only,Unknown,0.0,,,T14|/1/1/L2|24.0|4.0|192500000.0|A|ot2,163,0.00163,0.00133,0,1,0,0
P2,Warning,92.0,Normal channel with side-specific monitoring available,No immediate action. Continue monitoring.,2000-01-08 13:00:00,2000-01-15 07:00:00,T9,/1/1/L1,ot2,A,15.0,3.0,192500000.0,Normal,45.0,0.0016965644171779,0.001979,0.00212,0.00159,Warning,92.0,BER warning only,Unknown,0.0,,,T9|/1/1/L1|15.0|3.0|192500000.0|A|ot2,163,0.00164,0.00152,0,1,0,0
P2,Warning,92.0,BER warning correlated with frequency-level abnormality,P2. Monitor BER and frequency-level OCH power. Investigate early before Post-FEC/service impact.,2000-01-08 13:00:00,2000-01-15 07:00:00,T17,/1/2/L1,ot2,Z,24.0,4.0,192500000.0,Warning,92.0,0.002703680981595,0.003518,0.00418,0.00213,Warning,92.0,BER warning only,Unknown,0.0,,,T17|/1/2/L1|24.0|4.0|192500000.0|Z|ot2,163,0.00259,0.00203,0,1,0,0
