edfa_key,device_name,logical_name,pn,time_start,time_end,actual_gain_mean,actual_gain_min,actual_gain_max,actual_gain_std,actual_gain_tilt_mean,actual_gain_tilt_min,actual_gain_tilt_max,actual_gain_tilt_std,attenuation_mean,attenuation_min,attenuation_max,attenuation_std,inputTPM_avg_mean,inputTPM_avg_min,inputTPM_avg_max,inputTPM_avg_std,inputTPM_max_mean,inputTPM_max_min,inputTPM_max_max,inputTPM_max_std,inputTPM_min_mean,inputTPM_min_min,inputTPM_min_max,inputTPM_min_std,outputTPM_avg_mean,outputTPM_avg_min,outputTPM_avg_max,outputTPM_avg_std,outputTPM_max_mean,outputTPM_max_min,outputTPM_max_max,outputTPM_max_std,outputTPM_min_mean,outputTPM_min_min,outputTPM_min_max,outputTPM_min_std,gain_tilt_abs_max,gain_tilt_status,attenuation_status,edfa_status,gain_tilt_risk_score,attenuation_risk_score,edfa_risk_score,recommended_check
25|/TO_WEST_LA|EDFA3,25,/TO_WEST_LA,EDFA3,2000-01-08 13:00:00,2000-01-15 07:00:00,21.963803680981595,21.9,22.0,0.04820491994967336,-1.4,-1.4,-1.4,0.0,13.005092024539877,12.91,13.01,0.021670031025390016,-3.3429447852760736,-3.5,-3.1,0.12119228938587445,-3.3153374233128834,-3.5,-3.0,0.11470995204001903,-3.622085889570552,-3.8,-3.3,0.1176018286775708,17.269325153374233,17.1,17.5,0.11511201648268919,17.50736196319018,17.4,17.8,0.10689690557174217,17.25276073619632,17.1,17.5,0.12034563568773218,1.4,Normal,Critical,Critical,76.69902912621359,100.0,100.0,"EDFA tilt or attenuation is above dataset P99. Prioritize checking amplifier configuration, attenuation and span condition."
24|/TO_EAST_LA|EDFA3,24,/TO_EAST_LA,EDFA3,2000-01-08 13:00:00,2000-01-15 07:00:00,21.993865030674847,21.9,22.0,0.024071015134344446,-1.2,-1.2,-1.2,0.0,11.76638036809816,11.64,11.84,0.06833850103214442,-3.7858895705521474,-3.8,-3.7,0.03492019227935013,-3.774846625766871,-3.8,-3.7,0.043523171467549096,-3.8846625766871163,-4.2,-3.8,0.04524667928049844,17.139263803680983,17.1,17.2,0.04898422878226537,17.304907975460125,17.2,17.4,0.026767589075004972,17.127607361963193,17.0,17.2,0.04619917101265937,1.2,Normal,Critical,Critical,56.79611650485437,99.02912621359224,99.03,"EDFA tilt or attenuation is above dataset P99. Prioritize checking amplifier configuration, attenuation and span condition."
19|/D2/OA-W/EGR_EDFA|EDFA2,19,/D2/OA-W/EGR_EDFA,EDFA2,2000-01-08 13:00:00,2000-01-15 07:00:00,18.995705521472395,18.9,19.0,0.020335741361764085,-1.6999999999999997,-1.7,-1.7,0.0,0.03730061349693252,0.0,0.14,0.05818299515792587,-2.4576687116564413,-2.5,-2.4,0.049560669294538603,-2.4521472392638035,-2.5,-2.4,0.05010781377779853,-2.5619631901840494,-2.6,-2.5,0.04869733807344033,16.1,16.1,16.1,0.0,16.2,16.2,16.2,0.0,16.099386503067485,16.0,16.1,0.007832604499879702,1.7,Critical,Normal,Critical,98.05825242718447,34.95145631067961,98.06,"EDFA tilt or attenuation is above dataset P99. Prioritize checking amplifier configuration, attenuation and span condition."
20|/TO_EAST_LA|EDFA3,20,/TO_EAST_LA,EDFA3,2000-01-08 13:00:00,2000-01-15 07:00:00,27.77668711656442,27.7,27.8,0.04241265846919608,-1.6999999999999997,-1.7,-1.7,0.0,0.961840490797546,0.96,1.06,0.0134824652379835,-10.366257668711656,-10.4,-10.3,0.04742877557513124,-10.362576687116565,-10.4,-10.3,0.04854155604254158,-10.50122699386503,-10.7,-10.5,0.01566520899975909,16.044785276073622,16.0,16.1,0.04988056628566519,16.158895705521473,16.1,16.2,0.049353926319716204,16.03926380368098,15.8,16.1,0.05262912729433994,1.7,Critical,Normal,Critical,98.05825242718447,49.51456310679612,98.06,"EDFA tilt or attenuation is above dataset P99. Prioritize checking amplifier configuration, attenuation and span condition."
21|/TO_EAST_LA|EDFA3,21,/TO_EAST_LA,EDFA3,2000-01-08 13:00:00,2000-01-15 07:00:00,21.903067484662575,21.9,22.0,0.0172966595056323,-1.6999999999999997,-1.7,-1.7,0.0,2.17,2.17,2.17,0.0,-2.9779141104294475,-3.0,-2.9,0.04161039144504617,-2.96441717791411,-3.0,-2.9,0.04802389013902821,-3.1,-3.1,-3.1,0.0,17.165030674846626,17.1,17.2,0.04783425903257727,17.28957055214724,17.2,17.3,0.030658406561710087,17.162576687116566,17.1,17.2,0.048541556042534885,1.7,Critical,Normal,Critical,98.05825242718447,62.13592233009708,98.06,"EDFA tilt or attenuation is above dataset P99. Prioritize checking amplifier configuration, attenuation and span condition."
22|/TO_EAST_LA|EDFA2,22,/TO_EAST_LA,EDFA2,2000-01-08 13:00:00,2000-01-15 07:00:00,14.947852760736197,14.9,15.0,0.050107813777798306,-1.6999999999999997,-1.7,-1.7,0.0,6.05,6.05,6.05,0.0,2.7993865030674843,2.7,2.8,0.007832604499879537,2.9177914110429444,2.9,3.0,0.03836189821185093,2.798773006134969,2.7,2.8,0.011042734393377237,16.933742331288343,16.9,17.1,0.06594129347120299,17.1,17.1,17.1,0.0,16.92085889570552,16.9,17.1,0.06131681312342171,1.7,Critical,Warning,Critical,98.05825242718447,92.23300970873787,98.06,"EDFA tilt or attenuation is above dataset P99. Prioritize checking amplifier configuration, attenuation and span condition."
23|/TO_EAST_LA|EDFA3,23,/TO_EAST_LA,EDFA3,2000-01-08 13:00:00,2000-01-15 07:00:00,22.0,22.0,22.0,0.0,-1.6999999999999997,-1.7,-1.7,0.0,0.63,0.63,0.63,0.0,-3.9355828220858897,-4.0,-3.9,0.04802389013902819,-3.9300613496932515,-4.0,-3.9,0.04599378557748142,-4.02883435582822,-4.1,-4.0,0.04543877495247088,16.99877300613497,16.9,17.1,0.015665208999759147,17.099386503067485,17.0,17.2,0.017557427872512694,16.99754601226994,16.9,17.0,0.015519482958005109,1.7,Critical,Normal,Critical,98.05825242718447,44.1747572815534,98.06,"EDFA tilt or attenuation is above dataset P99. Prioritize checking amplifier configuration, attenuation and span condition."
27|/TO_WEST_LA|EDFA2,27,/TO_WEST_LA,EDFA2,2000-01-08 13:00:00,2000-01-15 07:00:00,15.599386503067484,15.5,15.6,0.007832604499879547,-1.4,-1.4,-1.4,0.0,5.303803680981595,5.24,5.34,0.048204919949672756,1.3539877300613496,1.2,1.6,0.11771769891839876,1.623926380368098,1.5,1.9,0.10933827666569812,1.332515337423313,1.2,1.6,0.12012515879555377,15.468711656441718,15.3,15.7,0.11681021454185245,15.741717791411043,15.6,16.0,0.1190580058441519,15.441717791411042,15.3,15.7,0.11801650382611262,1.4,Normal,Normal,Normal,76.69902912621359,89.32038834951457,89.32,EDFA telemetry is within the normal dataset distribution.
35|/TO_WEST_LA|EDFA2,35,/TO_WEST_LA,EDFA2,2000-01-08 13:00:00,2000-01-15 07:00:00,15.968098159509204,15.9,16.0,0.046753254950254806,0.0,0.0,0.0,0.0,4.95,4.95,4.95,0.0,0.8742331288343558,0.7,1.1,0.1103244133438114,0.9779141104294479,0.8,1.2,0.11056786077655552,0.8650306748466258,0.7,1.1,0.11468353791220555,15.684662576687115,15.5,15.9,0.10748690536720112,15.78834355828221,15.6,16.0,0.1062216631998377,15.679754601226993,15.5,15.9,0.10952169253670707,0.0,Normal,Normal,Normal,16.50485436893204,87.86407766990291,87.86,EDFA telemetry is within the normal dataset distribution.
48|/TO_EAST_LA|EDFA3,48,/TO_EAST_LA,EDFA3,2000-01-08 13:00:00,2000-01-15 07:00:00,21.954601226993866,21.9,22.0,0.049941266723445316,-1.4,-1.4,-1.4,0.0,4.95,4.95,4.95,0.0,-4.837423312883436,-5.0,-4.7,0.11867888491538622,-4.831901840490798,-5.0,-4.7,0.11637822622725122,-5.02760736196319,-5.2,-4.9,0.11562409482236578,14.960122699386503,14.8,15.1,0.11994848549654698,15.138650306748465,14.9,15.3,0.12635690846885655,14.94355828220859,14.7,15.1,0.12324662107704111,1.4,Normal,Normal,Normal,76.69902912621359,87.86407766990291,87.86,EDFA telemetry is within the normal dataset distribution.
41|/TO_EAST_LA|EDFA3,41,/TO_EAST_LA,EDFA3,2000-01-08 13:00:00,2000-01-15 07:00:00,22.0,22.0,22.0,0.0,-1.0,-1.0,-1.0,0.0,4.787791411042945,4.77,4.87,0.03836189821185127,-3.9030674846625764,-4.0,-3.9,0.01729665950563223,-3.900613496932515,-4.0,-3.9,0.00783260449987958,-4.052760736196319,-4.1,-4.0,0.05007757369430907,16.4,16.4,16.4,0.0,16.5,16.5,16.5,0.0,16.4,16.4,16.4,0.0,1.0,Normal,Normal,Normal,40.77669902912621,86.40776699029125,86.41,EDFA telemetry is within the normal dataset distribution.
42|/TO_WEST_LA|EDFA3,42,/TO_WEST_LA,EDFA3,2000-01-08 13:00:00,2000-01-15 07:00:00,21.990184049079755,21.9,22.0,0.029844709038250625,-1.2,-1.2,-1.2,0.0,4.65,4.65,4.65,0.0,-4.7,-4.7,-4.7,0.0,-4.694478527607362,-4.7,-4.6,0.022910275182323664,-5.031288343558282,-5.1,-5.0,0.04650961986333375,15.843558282208589,15.8,15.9,0.04973610584064116,16.19325153374233,16.1,16.2,0.02516325548583577,15.802453987730063,15.8,15.9,0.015519482958004784,1.2,Normal,Normal,Normal,56.79611650485437,85.43689320388349,85.44,EDFA telemetry is within the normal dataset distribution.
26|/TO_EAST_LA|EDFA3,26,/TO_EAST_LA,EDFA3,2000-01-08 13:00:00,2000-01-15 07:00:00,21.979754601226993,21.9,22.0,0.04030670869390318,-1.2,-1.2,-1.2,0.0,4.52,4.52,4.52,0.0,-3.4012269938650306,-3.5,-3.4,0.011042734393377291,-3.391411042944785,-3.4,-3.3,0.028106440117276376,-3.593865030674847,-3.7,-3.5,0.026511706088467493,17.175460122699388,17.1,17.2,0.043164949972837006,17.354601226993864,17.3,17.4,0.0499412667234402,17.15276073619632,17.1,17.2,0.050077573694306855,1.2,Normal,Normal,Normal,56.79611650485437,84.46601941747572,84.47,EDFA telemetry is within the normal dataset distribution.
45|/TO_EAST_LA|EDFA3,45,/TO_EAST_LA,EDFA3,2000-01-08 13:00:00,2000-01-15 07:00:00,21.996319018404908,21.9,22.0,0.018887485412393424,-1.0,-1.0,-1.0,0.0,4.494049079754601,4.41,4.51,0.03672786201119449,-4.7392638036809815,-4.9,-4.7,0.069775285537663,-4.732515337423313,-4.9,-4.7,0.061747630116788264,-4.859509202453988,-5.0,-4.8,0.07588005220213989,15.785276073619633,15.7,15.9,0.04041929748498631,15.914723926380368,15.8,16.0,0.0677988390176594,15.785276073619633,15.7,15.9,0.04041929748498631,1.0,Normal,Normal,Normal,40.77669902912621,83.49514563106796,83.5,EDFA telemetry is within the normal dataset distribution.
23|/TO_WEST_LA|EDFA3,23,/TO_WEST_LA,EDFA3,2000-01-08 13:00:00,2000-01-15 07:00:00,21.926380368098158,21.9,22.0,0.044205218477057995,-1.4,-1.4,-1.4,0.0,4.48,4.48,4.48,0.0,-3.4368098159509204,-3.6,-3.2,0.11544709397811038,-3.4214723926380373,-3.6,-3.2,0.1104101954991741,-3.7116564417177913,-3.9,-3.4,0.11298018947771761,17.045398773006134,16.9,17.3,0.11557823174285936,17.317791411042947,17.2,17.6,0.10938675603065072,17.016564417177914,16.8,17.3,0.1101423342215683,1.4,Normal,Normal,Normal,76.69902912621359,82.52427184466019,82.52,EDFA telemetry is within the normal dataset distribution.
17|/TO_WEST_LA|EDFA3,17,/TO_WEST_LA,EDFA3,2000-01-01 00:00:00,2000-01-15 07:00:00,21.95449275362319,21.9,22.0,0.049870070482159475,0.0,0.0,0.0,0.0,4.402608695652174,3.72,5.02,0.6450068779467277,-8.389244186046511,-8.6,-8.2,0.148953624265552,-8.380232558139536,-8.6,-8.2,0.15066017401120485,-8.56046511627907,-8.8,-8.4,0.15836560996018542,12.194767441860465,11.9,12.3,0.1171899033868858,12.39796511627907,12.2,12.6,0.1927896751329938,12.18953488372093,11.9,12.3,0.1205227387591417,0.0,Normal,Normal,Normal,16.50485436893204,81.55339805825243,81.55,EDFA telemetry is within the normal dataset distribution.
50|/TO_WEST_LA|EDFA3,50,/TO_WEST_LA,EDFA3,2000-01-08 13:00:00,2000-01-15 07:00:00,26.684662576687117,26.6,26.7,0.03614583302638824,-1.2,-1.2,-1.2,0.0,4.356625766871166,4.21,4.51,0.0650566786020887,-9.36319018404908,-9.4,-9.3,0.04837744502351292,-9.35153374233129,-9.4,-9.3,0.05013048186933359,-9.477914110429449,-9.5,-9.4,0.041610391445044886,15.900613496932516,15.9,16.0,0.007832604499879584,16.10122699386503,16.1,16.2,0.011042734393377194,15.89877300613497,15.8,15.9,0.011042734393377347,1.2,Normal,Normal,Normal,56.79611650485437,80.58252427184466,80.58,EDFA telemetry is within the normal dataset distribution.
30|/TO_WEST_LA|EDFA2,30,/TO_WEST_LA,EDFA2,2000-01-08 13:00:00,2000-01-15 07:00:00,14.995092024539876,14.9,15.0,0.021670031025389894,-1.4,-1.4,-1.4,0.0,4.049325153374233,3.98,4.08,0.04625651551511177,1.6846625766871166,1.6,1.9,0.11578120174393741,1.9030674846625766,1.8,2.1,0.06887393465236484,1.670552147239264,1.6,1.9,0.11911842604892517,15.465644171779141,15.3,15.7,0.11673562411725322,15.641104294478527,15.5,15.9,0.11425013782831858,15.462576687116565,15.3,15.7,0.11815761056587078,1.4,Normal,Normal,Normal,76.69902912621359,79.6116504854369,79.61,EDFA telemetry is within the normal dataset distribution.
49|/TO_EAST_LA|EDFA3,49,/TO_EAST_LA,EDFA3,2000-01-08 13:00:00,2000-01-15 07:00:00,21.938036809815948,21.9,22.0,0.04869733807343945,-1.4,-1.4,-1.4,0.0,4.012883435582822,4.0,4.1,0.033604892471193054,-5.630674846625767,-5.8,-5.5,0.11617955895491083,-5.62760736196319,-5.8,-5.5,0.11562409482236573,-5.817791411042945,-6.0,-5.6,0.11435284651472875,15.155828220858897,14.9,15.3,0.12526424391503765,15.344171779141103,15.1,15.5,0.12074775232895307,15.155828220858897,14.9,15.3,0.12526424391503765,1.4,Normal,Normal,Normal,76.69902912621359,78.64077669902912,78.64,EDFA telemetry is within the normal dataset distribution.
5|/TO_WEST_LA|EDFA2,5,/TO_WEST_LA,EDFA2,2000-01-01 00:00:00,2000-01-15 07:00:00,23.45406976744186,23.4,23.5,0.049906686266037094,0.0,0.0,0.0,0.0,3.806220930232558,3.66,3.86,0.06689897542876048,-10.997093023255815,-11.7,-10.1,0.5731023777169053,-10.898837209302325,-11.6,-10.0,0.5788788170180239,-11.866279069767442,-12.6,-11.0,0.5560922517415127,10.35232558139535,9.7,11.2,0.5353349392541569,11.279360465116278,10.6,12.1,0.5754031652942843,10.262500000000001,9.6,11.1,0.5308726794150131,0.0,Normal,Normal,Normal,16.50485436893204,77.66990291262135,77.67,EDFA telemetry is within the normal dataset distribution.
20|/TO_WEST_LA|EDFA3,20,/TO_WEST_LA,EDFA3,2000-01-08 13:00:00,2000-01-15 07:00:00,21.94969325153374,21.9,22.0,0.050153139715404964,-1.4,-1.4,-1.4,0.0,0.0,0.0,0.0,0.0,-3.53680981595092,-3.7,-3.2,0.0935955675949608,-3.5049079754601222,-3.6,-3.2,0.09987874190310742,-3.8834355828220857,-4.0,-3.5,0.1491803960911053,17.06871165644172,16.9,17.3,0.11084494363729824,17.363803680981597,17.2,17.6,0.11045477589144895,17.0478527607362,16.9,17.3,0.1167129132217258,1.4,Normal,Normal,Normal,76.69902912621359,10.679611650485436,76.7,EDFA telemetry is within the normal dataset distribution.
21|/TO_WEST_LA|EDFA2,21,/TO_WEST_LA,EDFA2,2000-01-08 13:00:00,2000-01-15 07:00:00,14.941717791411042,14.9,15.0,0.04946123425327604,-1.4,-1.4,-1.4,0.0,1.9761349693251535,1.97,2.07,0.024071015134343995,3.766871165644172,3.6,4.0,0.11058498476197248,4.02760736196319,3.9,4.3,0.11401123160952686,3.7337423312883438,3.6,4.0,0.11505278385829615,17.262576687116564,17.1,17.5,0.11226395789957667,17.544171779141102,17.4,17.8,0.11498693404528618,17.236196319018404,17.1,17.5,0.11483863390958257,1.4,Normal,Normal,Normal,76.69902912621359,60.19417475728155,76.7,EDFA telemetry is within the normal dataset distribution.
22|/TO_WEST_LA|EDFA3,22,/TO_WEST_LA,EDFA3,2000-01-08 13:00:00,2000-01-15 07:00:00,21.98036809815951,21.9,22.0,0.039843669363350986,-1.4,-1.4,-1.4,0.0,0.63,0.63,0.63,0.0,-3.4294478527607364,-3.6,-3.2,0.1093936799003995,-3.3981595092024537,-3.5,-3.1,0.11137324225825357,-3.698773006134969,-3.8,-3.4,0.11438926936494308,16.71042944785276,16.6,17.0,0.11526325045411327,16.976687116564417,16.9,17.2,0.11736329170741855,16.674233128834356,16.6,16.9,0.11997374046798076,1.4,Normal,Normal,Normal,76.69902912621359,44.1747572815534,76.7,EDFA telemetry is within the normal dataset distribution.
24|/TO_WEST_LA|EDFA3,24,/TO_WEST_LA,EDFA3,2000-01-08 13:00:00,2000-01-15 07:00:00,21.980981595092025,21.9,22.0,0.03936556626439329,-1.4,-1.4,-1.4,0.0,1.0109202453987731,0.86,1.26,0.07727464100951412,-5.329447852760737,-5.5,-5.1,0.11543397200785005,-5.308588957055214,-5.5,-5.0,0.1113324312483612,-5.5546012269938645,-5.7,-5.3,0.12282802088503551,17.028220858895704,16.9,17.3,0.11304385822860105,17.31349693251534,17.2,17.6,0.10629294334690367,17.025153374233128,16.9,17.3,0.11349854966289528,1.4,Normal,Normal,Normal,76.69902912621359,51.45631067961165,76.7,EDFA telemetry is within the normal dataset distribution.
26|/TO_WEST_LA|EDFA3,26,/TO_WEST_LA,EDFA3,2000-01-08 13:00:00,2000-01-15 07:00:00,21.945398773006133,21.9,22.0,0.04994126672344234,-1.4,-1.4,-1.4,0.0,3.4930674846625767,3.49,3.59,0.017296659505632077,-5.765030674846626,-5.9,-5.5,0.11681669841488478,-5.731288343558282,-5.9,-5.5,0.11890522857219936,-6.0325153374233125,-6.2,-5.8,0.11487160604092934,15.626993865030673,15.5,15.9,0.11058840924086831,15.92638036809816,15.8,16.2,0.1076277425677704,15.623312883435583,15.5,15.9,0.10975311922069282,1.4,Normal,Normal,Normal,76.69902912621359,74.75728155339806,76.7,EDFA telemetry is within the normal dataset distribution.
29|/TO_WEST_LA|EDFA3,29,/TO_WEST_LA,EDFA3,2000-01-08 13:00:00,2000-01-15 07:00:00,21.938036809815948,21.9,22.0,0.04869733807344063,-1.4,-1.4,-1.4,0.0,1.0039877300613498,0.85,1.25,0.06110646323032681,-5.86319018404908,-6.0,-5.6,0.12169434247109545,-5.847239263803681,-6.0,-5.6,0.12136715210192314,-6.0693251533742325,-6.2,-5.8,0.12137651263812367,16.370552147239266,16.2,16.6,0.11435946971397824,16.6239263803681,16.5,16.9,0.10990139004739181,16.34355828220859,16.2,16.6,0.12071638520221603,1.4,Normal,Normal,Normal,76.69902912621359,50.48543689320388,76.7,EDFA telemetry is within the normal dataset distribution.
30|/TO_EAST_LA|EDFA3,30,/TO_EAST_LA,EDFA3,2000-01-08 13:00:00,2000-01-15 07:00:00,21.99754601226994,21.9,22.0,0.015519482958005173,-1.2,-1.2,-1.2,0.0,3.5277300613496934,3.44,3.54,0.03291028983702065,-3.4374233128834355,-3.5,-3.3,0.049796982369965014,-3.405521472392638,-3.5,-3.3,0.04875174418194306,-3.679141104294479,-3.8,-3.6,0.04507057254888277,17.25521472392638,17.2,17.3,0.04988056628566815,17.53558282208589,17.5,17.6,0.04802389013902713,17.25521472392638,17.2,17.3,0.04988056628566815,1.2,Normal,Normal,Normal,56.79611650485437,76.69902912621359,76.7,EDFA telemetry is within the normal dataset distribution.
31|/TO_WEST_LA|EDFA2,31,/TO_WEST_LA,EDFA2,2000-01-08 13:00:00,2000-01-15 07:00:00,14.958282208588956,14.9,15.0,0.04946123425327663,-1.4,-1.4,-1.4,0.0,1.92,1.92,1.92,0.0,1.7877300613496931,1.6,2.0,0.1093036353833714,1.9631901840490797,1.8,2.2,0.11913114218731748,1.7846625766871165,1.6,2.0,0.11087910337912738,15.609815950920247,15.5,15.8,0.09571996445804459,15.784049079754602,15.6,16.0,0.11217621739543453,15.59877300613497,15.4,15.8,0.10182757761593397,1.4,Normal,Normal,Normal,76.69902912621359,59.22330097087378,76.7,EDFA telemetry is within the normal dataset distribution.
32|/TO_WEST_LA|EDFA2,32,/TO_WEST_LA,EDFA2,2000-01-08 13:00:00,2000-01-15 07:00:00,20.0,20.0,20.0,0.0,-1.4,-1.4,-1.4,0.0,2.69,2.69,2.69,0.0,-2.4736196319018404,-2.6,-2.2,0.10472080509438804,-2.4625766871165644,-2.6,-2.2,0.11115881729773441,-2.63558282208589,-2.8,-2.4,0.11950565955661141,15.298159509202453,15.1,15.5,0.10332281466059254,15.480981595092025,15.3,15.7,0.11523039038832036,15.297546012269938,15.1,15.5,0.1042023910565466,1.4,Normal,Normal,Normal,76.69902912621359,67.96116504854369,76.7,EDFA telemetry is within the normal dataset distribution.
33|/TO_WEST_LA|EDFA2,33,/TO_WEST_LA,EDFA2,2000-01-08 13:00:00,2000-01-15 07:00:00,14.94355828220859,14.9,15.0,0.0497361058406405,-1.4,-1.4,-1.4,0.0,0.04386503067484663,0.0,0.15,0.04607193989991119,0.37668711656441717,0.2,0.6,0.11416392380984093,0.48650306748466254,0.3,0.7,0.11249984220746843,0.36441717791411044,0.1,0.6,0.11846809311292987,15.715950920245398,15.6,15.9,0.09617780625391154,15.892638036809815,15.7,16.1,0.11252340344145358,15.715337423312883,15.5,15.9,0.0972351242778025,1.4,Normal,Normal,Normal,76.69902912621359,35.92233009708738,76.7,EDFA telemetry is within the normal dataset distribution.
46|/TO_EAST_LA|EDFA3,46,/TO_EAST_LA,EDFA3,2000-01-08 13:00:00,2000-01-15 07:00:00,21.95644171779141,21.9,22.0,0.04973610584064197,-1.4,-1.4,-1.4,0.0,0.9517791411042944,0.88,1.08,0.06237006488949225,-3.855828220858896,-4.0,-3.8,0.06858189617251467,-3.855828220858896,-4.0,-3.8,0.06858189617251467,-3.993251533742331,-4.0,-3.9,0.025163255485836103,15.984049079754602,15.9,16.1,0.03837176876346368,16.167484662576687,16.0,16.2,0.05430075776796757,15.979754601226993,15.9,16.0,0.04030670869390126,1.4,Normal,Normal,Normal,76.69902912621359,48.54368932038835,76.7,EDFA telemetry is within the normal dataset distribution.
47|/TO_EAST_LA|EDFA3,47,/TO_EAST_LA,EDFA3,2000-01-08 13:00:00,2000-01-15 07:00:00,21.987730061349694,21.9,22.0,0.032910289837020226,-1.4,-1.4,-1.4,0.0,2.3,2.3,2.3,0.0,-4.909202453987731,-5.1,-4.8,0.10875832078337541,-4.9079754601226995,-5.1,-4.8,0.10828722385797492,-5.093865030674847,-5.3,-5.0,0.0920904356461577,15.385276073619632,15.2,15.5,0.11234488831347458,15.557668711656442,15.4,15.7,0.1099358429746734,15.377300613496933,15.2,15.5,0.11347519090197096,1.4,Normal,Normal,Normal,76.69902912621359,65.0485436893204,76.7,EDFA telemetry is within the normal dataset distribution.
50|/TO_EAST_LA|EDFA3,50,/TO_EAST_LA,EDFA3,2000-01-08 13:00:00,2000-01-15 07:00:00,21.98159509202454,21.9,22.0,0.038871843571880095,-1.4,-1.4,-1.4,0.0,0.0588957055214724,0.0,0.2,0.051795015430241155,-7.041104294478528,-7.2,-6.9,0.12157914728898843,-7.033742331288344,-7.2,-6.8,0.11978419839300386,-7.2325153374233135,-7.4,-7.0,0.11857353585554553,15.469938650306748,15.3,15.6,0.11870441000115621,15.756441717791413,15.5,15.9,0.12474012977898492,15.453374233128836,15.2,15.6,0.12633592716430428,1.4,Normal,Normal,Normal,76.69902912621359,38.83495145631068,76.7,EDFA telemetry is within the normal dataset distribution.
51|/TO_EAST_LA|EDFA3,51,/TO_EAST_LA,EDFA3,2000-01-08 13:00:00,2000-01-15 07:00:00,26.96196319018405,26.9,27.0,0.04869733807344064,-1.4,-1.4,-1.4,0.0,0.08773006134969326,0.0,0.13,0.06108383849517689,-10.679141104294478,-10.9,-10.5,0.12143889777414554,-10.653374233128835,-10.9,-10.5,0.12535490781065217,-10.941104294478528,-11.2,-10.8,0.12259038557637338,15.17239263803681,15.0,15.3,0.11615673933790982,15.477914110429449,15.3,15.7,0.11601646321940115,15.153987730061349,14.9,15.3,0.12631794041521255,1.4,Normal,Normal,Normal,76.69902912621359,39.80582524271845,76.7,EDFA telemetry is within the normal dataset distribution.
52|/TO_EAST_LA|EDFA3,52,/TO_EAST_LA,EDFA3,2000-01-08 13:00:00,2000-01-15 07:00:00,25.75153374233129,25.7,25.8,0.05013048186933608,-1.4,-1.4,-1.4,0.0,2.2993865030674843,2.2,2.4,0.01359435483481981,-9.295705521472392,-9.5,-9.1,0.12087627244802816,-9.276073619631902,-9.5,-9.1,0.11750195996695438,-9.614723926380368,-9.8,-9.4,0.12132658143319806,14.895705521472392,14.7,15.1,0.12138587245249315,15.27361963190184,15.1,15.5,0.11644328925365191,14.894478527607363,14.7,15.1,0.12133594509924778,1.4,Normal,Normal,Normal,76.69902912621359,64.07766990291263,76.7,EDFA telemetry is within the normal dataset distribution.
53|/TO_EAST_LA|EDFA3,53,/TO_EAST_LA,EDFA3,2000-01-08 13:00:00,2000-01-15 07:00:00,21.986503067484662,21.9,22.0,0.03427437840754838,-1.4,-1.4,-1.4,0.0,1.8976073619631901,1.77,1.97,0.047516525466205085,-5.938650306748467,-6.2,-5.8,0.12035192909266146,-5.92638036809816,-6.1,-5.8,0.11591196151427142,-6.3128834355828225,-6.5,-6.1,0.11554873872190254,14.807361963190184,14.6,15.0,0.11840414272062641,15.162576687116564,14.9,15.3,0.12074147955550908,14.774846625766873,14.6,15.0,0.1172438412303447,1.4,Normal,Normal,Normal,76.69902912621359,58.252427184466015,76.7,EDFA telemetry is within the normal dataset distribution.
48|/TO_WEST_LA|EDFA3,48,/TO_WEST_LA,EDFA3,2000-01-08 13:00:00,2000-01-15 07:00:00,21.933742331288343,21.9,22.0,0.04742877557513259,-1.2,-1.2,-1.2,0.0,3.5181595092024542,3.42,3.52,0.013482465237983505,-4.601840490797546,-4.7,-4.6,0.013482465237983654,-4.6,-4.7,-4.5,0.011111111111111155,-4.819018404907975,-4.9,-4.8,0.039365566264395836,15.54233128834356,15.5,15.6,0.04956066929453722,15.76441717791411,15.7,15.8,0.048023890139028226,15.511042944785277,15.5,15.6,0.03143901596119134,1.2,Normal,Normal,Normal,56.79611650485437,75.72815533980582,75.73,EDFA telemetry is within the normal dataset distribution.
18|/D1/OA-W/EGR_EDFA|EDFA2,18,/D1/OA-W/EGR_EDFA,EDFA2,2000-01-01 00:00:00,2000-01-15 07:00:00,18.953197674418604,18.9,19.0,0.04997032816782267,0.0,0.0,0.0,0.0,3.288372093023256,3.1,3.5,0.10763138113186509,-5.9,-5.9,-5.9,0.0,-5.9,-5.9,-5.9,0.0,-6.0787790697674415,-6.1,-6.0,0.04094678368536205,12.200000000000001,12.2,12.2,0.0,12.4,12.4,12.4,0.0,12.200000000000001,12.2,12.2,0.0,0.0,Normal,Normal,Normal,16.50485436893204,73.7864077669903,73.79,EDFA telemetry is within the normal dataset distribution.
49|/TO_WEST_LA|EDFA3,49,/TO_WEST_LA,EDFA3,2000-01-08 13:00:00,2000-01-15 07:00:00,22.0,22.0,22.0,0.0,-1.2,-1.2,-1.2,0.0,3.2106134969325155,3.21,3.31,0.007832604499879646,-5.188343558282209,-5.2,-5.1,0.032188944572517204,-5.175460122699387,-5.2,-5.1,0.0431649499728385,-5.3932515337423315,-5.4,-5.3,0.025163255485836117,15.495705521472393,15.4,15.5,0.02033574136176419,15.698773006134969,15.6,15.7,0.011042734393377426,15.493251533742331,15.4,15.5,0.025163255485835426,1.2,Normal,Normal,Normal,56.79611650485437,72.81553398058253,72.82,EDFA telemetry is within the normal dataset distribution.
15|/TO_EAST_LA|EDFA3,15,/TO_EAST_LA,EDFA3,2000-01-01 00:00:00,2000-01-15 07:00:00,22.076162790697673,22.0,22.2,0.08714009503352259,0.0,0.0,0.0,0.0,3.0376162790697676,2.76,3.26,0.19406383901121346,-6.63110465116279,-9.5,-4.2,2.362225306184714,-6.592441860465117,-9.4,-4.1,2.3499893609567546,-7.155813953488372,-10.1,-4.6,2.4564476781740043,13.734302325581396,10.9,16.2,2.3298013732816387,14.270348837209303,11.6,16.6,2.2120248880523614,13.686627906976744,10.9,16.1,2.3446350200357613,0.0,Normal,Normal,Normal,16.50485436893204,71.84466019417476,71.84,EDFA telemetry is within the normal dataset distribution.
15|/TO_WEST_LA|EDFA3,15,/TO_WEST_LA,EDFA3,2000-01-01 00:00:00,2000-01-15 07:00:00,21.967732558139534,21.9,22.0,0.046818033558906985,0.0,0.0,0.0,0.0,3.001453488372093,3.0,3.1,0.011985566613129515,-8.800872093023257,-9.3,-8.2,0.45927353705916735,-8.79593023255814,-9.3,-8.2,0.45852565836043907,-9.01046511627907,-9.5,-8.4,0.45988439915608587,11.666279069767441,11.2,12.2,0.4504252516408804,11.900872093023256,11.4,12.5,0.456088511089453,11.663372093023256,11.2,12.2,0.44727385566278166,0.0,Normal,Normal,Normal,16.50485436893204,70.87378640776699,70.87,EDFA telemetry is within the normal dataset distribution.
29|/TO_EAST_LA|EDFA2,29,/TO_EAST_LA,EDFA2,2000-01-08 13:00:00,2000-01-15 07:00:00,14.968098159509204,14.9,15.0,0.046753254950254806,-1.2,-1.2,-1.2,0.0,2.8041717791411043,2.66,2.96,0.058897441212526505,2.617791411042945,2.6,2.7,0.03836189821185102,2.820245398773006,2.8,2.9,0.04030670869390167,2.607361963190184,2.4,2.7,0.032505046538085,17.242944785276073,17.2,17.3,0.04965227874294786,17.500613496932516,17.4,17.6,0.023562191191513114,17.218404907975458,17.0,17.3,0.04337499963166641,1.2,Normal,Normal,Normal,56.79611650485437,69.90291262135922,69.9,EDFA telemetry is within the normal dataset distribution.
40|/D2/OA-W/EGR_EDFA|EDFA2,40,/D2/OA-W/EGR_EDFA,EDFA2,2000-01-08 13:00:00,2000-01-15 07:00:00,18.929447852760735,18.9,19.0,0.04572126411500858,-1.0,-1.0,-1.0,0.0,2.7162576687116564,2.65,2.85,0.06594129347120059,-1.8000000000000003,-1.8,-1.8,0.0,-1.7957055214723925,-1.8,-1.7,0.020335741361764012,-1.9,-1.9,-1.9,0.0,16.33312883435583,16.3,16.4,0.04721269802506231,16.5,16.5,16.5,0.0,16.325766871165644,16.3,16.4,0.043869837011427215,1.0,Normal,Normal,Normal,40.77669902912621,68.93203883495146,68.93,EDFA telemetry is within the normal dataset distribution.
31|/TO_EAST_LA|EDFA2,31,/TO_EAST_LA,EDFA2,2000-01-08 13:00:00,2000-01-15 07:00:00,14.937423312883437,14.9,15.0,0.048541556042540526,-1.2,-1.2,-1.2,0.0,2.61601226993865,2.47,2.67,0.051214145872094385,3.544785276073619,3.5,3.6,0.0498805662856671,3.812883435582822,3.7,3.9,0.04987297353635974,3.5276073619631902,3.4,3.6,0.04619917101266076,17.34723926380368,17.3,17.4,0.05007757369430792,17.620245398773008,17.5,17.7,0.04734886182742317,17.334969325153374,17.3,17.4,0.04783425903257873,1.2,Normal,Normal,Normal,56.79611650485437,66.99029126213593,66.99,EDFA telemetry is within the normal dataset distribution.
34|/TO_WEST_LA|EDFA3,34,/TO_WEST_LA,EDFA3,2000-01-08 13:00:00,2000-01-15 07:00:00,21.99754601226994,21.9,22.0,0.015519482958004996,-1.0,-1.0,-1.0,0.0,2.536319018404908,2.44,2.54,0.01888748541239317,-5.152760736196319,-5.3,-4.9,0.12388409728430995,-5.143558282208589,-5.3,-4.9,0.12071638520221778,-5.258895705521472,-5.5,-5.0,0.12458824100314726,15.609815950920247,15.5,15.9,0.11717599084461564,15.715950920245398,15.6,16.0,0.12418941147290866,15.598159509202453,15.4,15.9,0.11356859711913934,1.0,Normal,Normal,Normal,40.77669902912621,66.01941747572816,66.02,EDFA telemetry is within the normal dataset distribution.
43|/TO_EAST_LA|EDFA3,43,/TO_EAST_LA,EDFA3,2000-01-08 13:00:00,2000-01-15 07:00:00,21.998159509202452,21.9,22.0,0.013482465237983392,-1.0,-1.0,-1.0,0.0,2.2324539877300613,2.23,2.33,0.015519482958004741,-3.9116564417177915,-4.0,-3.9,0.03218894457251698,-3.9067484662576684,-4.0,-3.9,0.02516325548583606,-4.074846625766871,-4.1,-4.0,0.043523171467548596,16.3,16.3,16.3,0.0,16.4,16.4,16.4,0.0,16.3,16.3,16.3,0.0,1.0,Normal,Normal,Normal,40.77669902912621,63.10679611650486,63.11,EDFA telemetry is within the normal dataset distribution.
45|/TO_WEST_LA|EDFA2,45,/TO_WEST_LA,EDFA2,2000-01-08 13:00:00,2000-01-15 07:00:00,17.6,17.6,17.6,0.0,-1.2,-1.2,-1.2,0.0,2.098159509202454,2.0,2.1,0.013482465237983531,-0.6975460122699386,-0.8,-0.6,0.01908693640706273,-0.6920245398773006,-0.7,-0.6,0.027174777457774555,-1.0024539877300613,-1.1,-1.0,0.015519482958004741,15.216564417177912,15.2,15.3,0.03729065629664912,15.537423312883435,15.5,15.6,0.04854155604254047,15.215950920245398,15.2,15.3,0.036727862011195406,1.2,Normal,Normal,Normal,56.79611650485437,61.165048543689316,61.17,EDFA telemetry is within the normal dataset distribution.
33|/TO_EAST_LA|EDFA2,33,/TO_EAST_LA,EDFA2,2000-01-08 13:00:00,2000-01-15 07:00:00,14.968098159509204,14.9,15.0,0.04675325495025475,-1.2,-1.2,-1.2,0.0,1.7858282208588956,1.63,2.03,0.09302738181077765,1.454601226993865,1.4,1.6,0.052354977816716886,1.7196319018404909,1.6,1.8,0.05864614088060546,1.4435582822085888,1.3,1.5,0.054474832580608416,17.307975460122698,17.2,17.4,0.06847689985557408,17.6079754601227,17.5,17.7,0.06664962290653269,17.28466257668712,16.9,17.4,0.0725061275281046,1.2,Normal,Normal,Normal,56.79611650485437,57.28155339805825,57.28,EDFA telemetry is within the normal dataset distribution.
27|/TO_EAST_LA|EDFA3,27,/TO_EAST_LA,EDFA3,2000-01-08 13:00:00,2000-01-15 07:00:00,21.94723926380368,21.9,22.0,0.05007757369431001,-1.2,-1.2,-1.2,0.0,0.0,0.0,0.0,0.0,-3.2871165644171776,-3.4,-3.2,0.03539414624092376,-3.2687116564417176,-3.3,-3.2,0.04650961986333379,-3.466871165644172,-3.5,-3.4,0.04721269802506248,17.191411042944782,17.1,17.2,0.02810644011727646,17.383435582822084,17.3,17.4,0.03729065629664605,17.174233128834356,17.1,17.2,0.0438698370114269,1.2,Normal,Normal,Normal,56.79611650485437,10.679611650485436,56.8,EDFA telemetry is within the normal dataset distribution.
28|/TO_EAST_LA|EDFA2,28,/TO_EAST_LA,EDFA2,2000-01-08 13:00:00,2000-01-15 07:00:00,15.94723926380368,15.9,16.0,0.050077573694309194,-1.2,-1.2,-1.2,0.0,0.64,0.64,0.64,0.0,2.7190184049079758,2.7,2.8,0.03936556626439542,2.9190184049079755,2.9,3.0,0.03936556626439544,2.711042944785276,2.6,2.8,0.033344692452195485,17.13803680981595,17.1,17.2,0.04869733807343665,17.33067484662577,17.3,17.4,0.04625651551510992,17.122085889570553,17.0,17.2,0.0430683348451415,1.2,Normal,Normal,Normal,56.79611650485437,45.63106796116505,56.8,EDFA telemetry is within the normal dataset distribution.
32|/TO_EAST_LA|EDFA2,32,/TO_EAST_LA,EDFA2,2000-01-08 13:00:00,2000-01-15 07:00:00,14.94355828220859,14.9,15.0,0.04973610584064114,-1.2,-1.2,-1.2,0.0,0.02404907975460123,0.0,0.14,0.05296910393210502,3.2736196319018407,3.2,3.3,0.04420521847705762,3.53680981595092,3.4,3.6,0.04963702224274202,3.254601226993865,3.0,3.3,0.05352102850574153,17.373006134969323,17.2,17.4,0.045894874096161865,17.64233128834356,17.6,17.7,0.0495606692945359,17.36564417177914,17.1,17.4,0.051376566808776114,1.2,Normal,Normal,Normal,56.79611650485437,32.038834951456316,56.8,EDFA telemetry is within the normal dataset distribution.
44|/TO_WEST_LA|EDFA3,44,/TO_WEST_LA,EDFA3,2000-01-08 13:00:00,2000-01-15 07:00:00,21.940490797546012,21.9,22.0,0.049238694020721466,-1.2,-1.2,-1.2,0.0,1.244601226993865,1.19,1.29,0.049941266723442075,-5.489570552147239,-5.5,-5.4,0.030658406561710098,-5.479141104294479,-5.5,-5.3,0.06131681312342084,-5.798773006134969,-5.8,-5.7,0.011042734393377274,15.16564417177914,15.1,15.2,0.04763592390923523,15.47239263803681,15.4,15.5,0.04484313338888754,15.133128834355826,15.1,15.2,0.04721269802506273,1.2,Normal,Normal,Normal,56.79611650485437,52.42718446601942,56.8,EDFA telemetry is within the normal dataset distribution.
46|/TO_WEST_LA|EDFA3,46,/TO_WEST_LA,EDFA3,2000-01-08 13:00:00,2000-01-15 07:00:00,22.948466257668713,22.9,23.0,0.05013048186933535,-1.2,-1.2,-1.2,0.0,0.02595092024539877,0.0,0.21,0.05552930531843452,-7.696319018404908,-7.7,-7.6,0.018887485412393264,-7.688957055214724,-7.7,-7.6,0.03143901596119171,-7.9,-8.0,-7.8,0.0111111111111112,15.482208588957056,15.4,15.5,0.03836189821185036,15.774846625766873,15.7,15.8,0.04352317146754966,15.432515337423313,15.4,15.5,0.04698756807321113,1.2,Normal,Normal,Normal,56.79611650485437,33.00970873786408,56.8,EDFA telemetry is within the normal dataset distribution.
47|/TO_WEST_LA|EDFA3,47,/TO_WEST_LA,EDFA3,2000-01-08 13:00:00,2000-01-15 07:00:00,21.999386503067484,21.9,22.0,0.007832604499879676,-1.2,-1.2,-1.2,0.0,0.0,0.0,0.0,0.0,-4.912269938650307,-5.0,-4.9,0.0329102898370206,-4.906748466257669,-5.0,-4.9,0.025163255485836197,-5.131288343558282,-5.2,-5.1,0.046509619863334295,15.419631901840491,15.4,15.5,0.03984366936334921,15.653987730061349,15.6,15.7,0.04999431915012701,15.417177914110429,15.4,15.5,0.03783507423721803,1.2,Normal,Normal,Normal,56.79611650485437,10.679611650485436,56.8,EDFA telemetry is within the normal dataset distribution.
44|/TO_EAST_LA|EDFA3,44,/TO_EAST_LA,EDFA3,2000-01-08 13:00:00,2000-01-15 07:00:00,22.0,22.0,22.0,0.0,-1.0,-1.0,-1.0,0.0,1.75079754601227,1.66,1.76,0.028995137844682346,-4.688957055214725,-4.7,-4.6,0.031439015961191315,-4.6797546012269935,-4.7,-4.6,0.04030670869390201,-4.799386503067485,-4.8,-4.7,0.007832604499879593,16.2,16.2,16.2,0.0,16.3,16.3,16.3,0.0,16.195705521472394,16.1,16.2,0.02033574136176371,1.0,Normal,Normal,Normal,40.77669902912621,56.310679611650485,56.31,EDFA telemetry is within the normal dataset distribution.
8|/TO_WEST_LA|EDFA2,8,/TO_WEST_LA,EDFA2,2000-01-01 00:00:00,2000-01-15 07:00:00,17.24970930232558,17.1,17.4,0.11300263071619664,0.0,0.0,0.0,0.0,0.8044186046511629,0.0,1.51,0.7451974198302499,-4.044186046511628,-4.9,-3.6,0.2989211509723085,-3.9793604651162795,-4.8,-3.6,0.29967649857282364,-4.71046511627907,-5.6,-4.3,0.29840355392542034,11.556686046511627,10.8,11.8,0.2033582635684708,12.303779069767442,11.6,12.6,0.20957465746926393,11.50610465116279,10.8,11.8,0.20756241979802859,0.0,Normal,Normal,Normal,16.50485436893204,46.601941747572816,46.6,EDFA telemetry is within the normal dataset distribution.
40|/D1/OA-W/EGR_EDFA|EDFA2,40,/D1/OA-W/EGR_EDFA,EDFA2,2000-01-08 13:00:00,2000-01-15 07:00:00,18.970552147239264,18.9,19.0,0.04572126411501074,0.0,0.0,0.0,0.0,0.58,0.48,0.78,0.0521157306647048,-9.506748466257669,-9.6,-9.4,0.04321755809714375,-9.476687116564417,-9.6,-9.4,0.046574713834816456,-9.939877300613498,-10.1,-9.8,0.05156785928450934,8.301840490797547,8.2,8.4,0.04226955335106315,8.766257668711656,8.7,8.9,0.05468299089568038,8.272392638036811,8.2,8.4,0.04751652546620582,0.0,Normal,Normal,Normal,16.50485436893204,42.71844660194174,42.72,EDFA telemetry is within the normal dataset distribution.
13|/D2/OA-W/EGR_EDFA|EDFA2,13,/D2/OA-W/EGR_EDFA,EDFA2,2000-01-01 00:00:00,2000-01-15 07:00:00,18.97267441860465,18.9,19.0,0.044628023164329456,0.0,0.0,0.0,0.0,0.4680232558139535,0.2,0.9,0.19248456690210566,-4.127325581395349,-6.7,-1.9,2.1207589402402593,-4.086337209302326,-6.7,-1.9,2.1189866278735834,-4.620639534883721,-7.2,-2.3,2.1764599733187535,13.95406976744186,11.4,16.2,2.1569565417075753,14.481976744186047,11.9,16.7,2.080569735700669,13.92267441860465,11.3,16.2,2.1625376112166914,0.0,Normal,Normal,Normal,16.50485436893204,41.74757281553398,41.75,EDFA telemetry is within the normal dataset distribution.
1|/D1/OA-W/EGR_EDFA|EDFA1,1,/D1/OA-W/EGR_EDFA,EDFA1,2000-01-01 00:00:00,2000-01-15 07:00:00,20.561337209302327,20.5,20.6,0.048768653715191276,1.0,1.0,1.0,0.0,0.0,0.0,0.0,0.0,,,,,-3.738953488372093,-3.9,-3.5,0.08602025756080883,-3.7875,-3.9,-3.6,0.0883316372208211,,,,,15.336337209302325,15.2,15.5,0.08598231704640283,15.267151162790697,15.1,15.5,0.09566108999267085,1.0,Normal,Normal,Normal,40.77669902912621,10.679611650485436,40.78,EDFA telemetry is within the normal dataset distribution.
2|/D1/OA-W/IGR_EDFA|EDFA1,2,/D1/OA-W/IGR_EDFA,EDFA1,2000-01-01 00:00:00,2000-01-15 07:00:00,30.7375,30.5,31.0,0.18895330843803476,1.0,1.0,1.0,0.0,0.0,0.0,0.0,0.0,,,,,-13.813662790697673,-14.4,-13.1,0.45035064046745743,-13.87703488372093,-14.5,-13.2,0.4461973297640976,,,,,15.430813953488371,15.0,15.9,0.28208600353568897,15.365988372093023,14.9,15.9,0.2840362147560902,1.0,Normal,Normal,Normal,40.77669902912621,10.679611650485436,40.78,EDFA telemetry is within the normal dataset distribution.
36|/TO_WEST_LA|EDFA2,36,/TO_WEST_LA,EDFA2,2000-01-08 13:00:00,2000-01-15 07:00:00,15.031288343558282,15.0,15.1,0.046509619863333476,-1.0,-1.0,-1.0,0.0,0.0,0.0,0.0,0.0,1.820245398773006,1.7,2.1,0.12965267429143246,1.916564417177914,1.8,2.2,0.12874695426385796,1.811042944785276,1.6,2.1,0.12171923520313135,15.533742331288343,15.4,15.8,0.12433569598376039,15.627607361963191,15.5,15.9,0.12827841227805134,15.5239263803681,15.4,15.8,0.13044764137111345,1.0,Normal,Normal,Normal,40.77669902912621,10.679611650485436,40.78,EDFA telemetry is within the normal dataset distribution.
37|/TO_WEST_LA|EDFA3,37,/TO_WEST_LA,EDFA3,2000-01-08 13:00:00,2000-01-15 07:00:00,24.34723926380368,24.3,24.4,0.050077573694308604,-1.0,-1.0,-1.0,0.0,0.21411042944785275,0.2,0.3,0.034920192279350094,-7.750306748466257,-7.8,-7.5,0.11187196888994494,-7.750306748466257,-7.8,-7.5,0.11187196888994494,-7.81840490797546,-8.1,-7.5,0.1645192261659172,15.622699386503067,15.5,15.9,0.13113964543401538,15.722699386503066,15.6,16.0,0.13113964543401532,15.620245398773006,15.4,15.9,0.13012790915496747,1.0,Normal,Normal,Normal,40.77669902912621,40.77669902912621,40.78,EDFA telemetry is within the normal dataset distribution.
38|/TO_WEST_LA|EDFA3,38,/TO_WEST_LA,EDFA3,2000-01-08 13:00:00,2000-01-15 07:00:00,21.97791411042945,21.9,22.0,0.04161039144504688,-1.0,-1.0,-1.0,0.0,0.0,0.0,0.0,0.0,-5.33680981595092,-5.5,-5.1,0.11491116011017814,-5.330674846625767,-5.5,-5.1,0.11294666519298877,-5.418404907975461,-5.7,-5.2,0.10900179169649947,15.630674846625768,15.5,15.9,0.12635990551368423,15.722699386503066,15.6,16.0,0.13113964543401543,15.623926380368097,15.5,15.9,0.1304476413711135,1.0,Normal,Normal,Normal,40.77669902912621,10.679611650485436,40.78,EDFA telemetry is within the normal dataset distribution.
7|/TO_WEST_LA|EDFA3,7,/TO_WEST_LA,EDFA3,2000-01-01 00:00:00,2000-01-15 07:00:00,21.951162790697673,21.9,22.0,0.05005929090189444,0.0,0.0,0.0,0.0,0.05406976744186047,0.0,0.2,0.0614286266155755,-10.034302325581395,-10.8,-9.2,0.5616386701397347,-9.991279069767442,-10.7,-9.1,0.5626722922642711,-10.734593023255814,-11.5,-9.9,0.5614909946686953,9.982848837209302,9.2,10.9,0.6961552224190144,10.804360465116279,10.0,11.8,0.7092546477819979,9.942151162790697,9.1,10.9,0.6941211028077703,0.0,Normal,Normal,Normal,16.50485436893204,37.86407766990291,37.86,EDFA telemetry is within the normal dataset distribution.
14|/TO_EAST_LA|EDFA3,14,/TO_EAST_LA,EDFA3,2000-01-01 00:00:00,2000-01-15 07:00:00,21.968023255813954,21.9,22.0,0.046706571601522584,0.0,0.0,0.0,0.0,0.04854651162790698,0.0,0.1,0.05005167172056483,-6.843023255813954,-9.8,-4.3,2.4256304255918137,-6.806976744186046,-9.7,-4.3,2.4163095344391294,-7.336627906976744,-10.3,-4.8,2.5036524272157803,13.78110465116279,10.9,16.4,2.459151516567457,14.296220930232558,11.4,16.7,2.3627855078900644,13.743895348837208,10.9,16.3,2.464386085050033,0.0,Normal,Normal,Normal,16.50485436893204,36.89320388349515,36.89,EDFA telemetry is within the normal dataset distribution.
10|/D2/OA-W/EGR_EDFA|EDFA2,10,/D2/OA-W/EGR_EDFA,EDFA2,2000-01-01 00:00:00,2000-01-15 07:00:00,18.99389534883721,18.9,19.0,0.023976435987794937,0.0,0.0,0.0,0.0,0.02965116279069768,0.0,0.1,0.04573845469308107,-3.103488372093023,-5.3,-1.1,1.8069640259612372,-3.078197674418605,-5.3,-1.1,1.801171049710515,-3.456104651162791,-5.7,-1.5,1.8348641565470776,15.020058139534882,12.8,17.0,1.8156202699187933,15.370930232558141,13.1,17.3,1.7851911905885696,14.988953488372092,12.7,17.0,1.8215410315468497,0.0,Normal,Normal,Normal,16.50485436893204,33.980582524271846,33.98,EDFA telemetry is within the normal dataset distribution.
1|/D1/OA-W/IGR_EDFA|EDFA1,1,/D1/OA-W/IGR_EDFA,EDFA1,2000-01-01 00:00:00,2000-01-15 07:00:00,29.894186046511628,29.6,30.1,0.08918765379237892,0.5578488372093023,0.4,0.7,0.15001271218762074,0.0,0.0,0.0,0.0,,,,,-12.405232558139534,-13.3,-11.6,0.6414055752328557,-12.496511627906978,-13.4,-11.7,0.6429156752343678,,,,,16.065988372093024,15.2,16.8,0.6102909117371275,15.82732558139535,15.0,16.5,0.5928218320806726,0.7,Normal,Normal,Normal,33.49514563106796,10.679611650485436,33.5,EDFA telemetry is within the normal dataset distribution.
2|/D1/OA-W/EGR_EDFA|EDFA1,2,/D1/OA-W/EGR_EDFA,EDFA1,2000-01-01 00:00:00,2000-01-15 07:00:00,20.061046511627907,19.8,20.3,0.09380246063109753,0.5578488372093023,0.4,0.7,0.15001271218762074,0.0,0.0,0.0,0.0,,,,,-2.7872093023255817,-3.7,-2.0,0.7110615415219554,-2.8462209302325583,-3.7,-2.0,0.7090729939958885,,,,,15.85813953488372,15.0,16.7,0.7188369479462788,15.634883720930231,14.8,16.4,0.688051703572931,0.7,Normal,Normal,Normal,33.49514563106796,10.679611650485436,33.5,EDFA telemetry is within the normal dataset distribution.
10|/D1/OA-W/EGR_EDFA|EDFA2,10,/D1/OA-W/EGR_EDFA,EDFA2,2000-01-01 00:00:00,2000-01-15 07:00:00,18.950581395348838,18.9,19.0,0.050069448006777866,0.0,0.0,0.0,0.0,0.015988372093023256,0.0,0.1,0.03670320461252767,-6.0726744186046515,-6.8,-5.7,0.2306230598368771,-6.035755813953489,-6.8,-5.7,0.23117272005302014,-6.6273255813953496,-7.3,-6.3,0.2301168389686441,12.042151162790697,11.3,12.4,0.22638500282266572,12.659593023255812,12.0,13.0,0.22887953101565292,12.005232558139536,11.3,12.3,0.2285113530448876,0.0,Normal,Normal,Normal,16.50485436893204,31.06796116504854,31.07,EDFA telemetry is within the normal dataset distribution.
13|/D1/OA-W/EGR_EDFA|EDFA2,13,/D1/OA-W/EGR_EDFA,EDFA2,2000-01-01 00:00:00,2000-01-15 07:00:00,18.95813953488372,18.9,19.0,0.04940489294607691,0.0,0.0,0.0,0.0,0.008604651162790697,0.0,0.04,0.016460061440300964,-5.855813953488371,-6.3,-5.4,0.31386043625957394,-5.832848837209302,-6.2,-5.4,0.3143729384507037,-6.24389534883721,-6.7,-5.8,0.31404062908005564,11.907848837209302,11.5,12.3,0.31134434425302987,12.340697674418605,11.9,12.8,0.3126592075293527,11.886627906976743,11.5,12.3,0.31045198110448524,0.0,Normal,Normal,Normal,16.50485436893204,30.097087378640776,30.1,EDFA telemetry is within the normal dataset distribution.
5|/TO_EAST_LA|EDFA2,5,/TO_EAST_LA,EDFA2,2000-01-01 00:00:00,2000-01-15 07:00:00,17.7,17.7,17.7,0.0,0.0,0.0,0.0,0.0,0.007267441860465116,0.0,0.1,0.025997947628618685,-2.4293604651162792,-4.8,-0.3,1.942492057011295,-2.418313953488372,-4.8,-0.3,1.9424328934253323,-2.534593023255814,-4.9,-0.4,1.9493426738585775,14.196511627906977,11.8,16.3,1.9431841066063744,14.304069767441861,11.9,16.4,1.9404804658297932,14.188372093023256,11.8,16.3,1.9413060197478724,0.0,Normal,Normal,Normal,16.50485436893204,29.126213592233007,29.13,EDFA telemetry is within the normal dataset distribution.
11|/TO_WEST_LA|EDFA2,11,/TO_WEST_LA,EDFA2,2000-01-01 00:00:00,2000-01-15 07:00:00,21.169767441860465,20.4,21.8,0.6502871789807867,0.0,0.0,0.0,0.0,0.0067151162790697674,0.0,0.11,0.02637407958657359,-7.739244186046512,-8.1,-7.3,0.2683509922995248,-7.704941860465116,-8.1,-7.3,0.2714908566410237,-8.174709302325581,-8.5,-7.7,0.26840404537752843,12.167151162790697,11.7,12.6,0.3840053151187665,12.597965116279068,12.2,13.1,0.38152897700647986,12.142441860465116,11.7,12.6,0.3673256466961233,0.0,Normal,Normal,Normal,16.50485436893204,28.155339805825243,28.16,EDFA telemetry is within the normal dataset distribution.
7|/TO_EAST_LA|EDFA3,7,/TO_EAST_LA,EDFA3,2000-01-01 00:00:00,2000-01-15 07:00:00,28.770930232558143,28.7,28.8,0.04547457321707345,0.0,0.0,0.0,0.0,0.0031976744186046516,0.0,0.1,0.01761944312164863,-12.790406976744187,-15.3,-10.6,2.0226114971218205,-12.786627906976745,-15.3,-10.6,2.0233177790213945,-12.897093023255815,-15.4,-10.7,2.0325321301583723,13.653343023255815,11.3,15.7,1.8699742405759627,13.894912790697676,11.6,15.9,1.8571299822031928,13.64186046511628,11.3,15.7,1.8715432347660574,0.0,Normal,Normal,Normal,16.50485436893204,27.184466019417474,27.18,EDFA telemetry is within the normal dataset distribution.
6|/TO_WEST_LA|EDFA3,6,/TO_WEST_LA,EDFA3,2000-01-01 00:00:00,2000-01-15 07:00:00,27.45581395348837,27.4,27.5,0.04973316827135415,0.0,0.0,0.0,0.0,0.003052325581395349,0.0,0.07,0.014315790598675176,-14.284011627906976,-15.0,-13.4,0.6313991681063506,-14.192151162790699,-14.9,-13.3,0.6375719433241199,-15.125872093023256,-15.9,-14.2,0.6276889407442466,10.475,9.8,11.4,0.5810541340576945,11.340116279069768,10.6,12.2,0.6076441996104479,10.392441860465116,9.7,11.3,0.5797867026041996,0.0,Normal,Normal,Normal,16.50485436893204,26.21359223300971,26.21,EDFA telemetry is within the normal dataset distribution.
3|/D1/OA-W/EGR_EDFA|EDFA2,3,/D1/OA-W/EGR_EDFA,EDFA2,2000-01-01 00:00:00,2000-01-15 07:00:00,18.98575581395349,18.9,19.0,0.035001186501009224,0.0,0.0,0.0,0.0,0.0027906976744186047,0.0,0.08,0.014700204301604654,-6.380523255813954,-6.8,-6.0,0.10357326970852578,-6.375872093023256,-6.8,-6.0,0.10566654150884378,-6.475872093023256,-6.9,-6.1,0.10972717786835465,12.188662790697673,11.8,12.6,0.09727759089404375,12.290988372093024,11.9,12.6,0.0963179857728976,12.182267441860464,11.7,12.5,0.10046294292868198,0.0,Normal,Normal,Normal,16.50485436893204,25.24271844660194,25.24,EDFA telemetry is within the normal dataset distribution.
9|/TO_WEST_LA|EDFA2,9,/TO_WEST_LA,EDFA2,2000-01-01 00:00:00,2000-01-15 07:00:00,17.35610465116279,17.3,17.4,0.049698221441568574,0.0,0.0,0.0,0.0,0.0016279069767441861,0.0,0.04,0.007915068865146377,-3.961627906976744,-4.7,-3.6,0.2469256351746278,-3.8886627906976745,-4.6,-3.5,0.24331160888785078,-4.544186046511628,-5.3,-4.2,0.2477206416635306,11.543313953488372,10.8,11.9,0.24234412857761983,12.200581395348838,11.4,12.6,0.24625405663841066,11.483720930232558,10.7,11.8,0.2411635860692449,0.0,Normal,Normal,Normal,16.50485436893204,24.271844660194176,24.27,EDFA telemetry is within the normal dataset distribution.
11|/TO_EAST_LA|EDFA2,11,/TO_EAST_LA,EDFA2,2000-01-01 00:00:00,2000-01-15 07:00:00,23.96279069767442,23.9,24.0,0.048406711405887363,0.0,0.0,0.0,0.0,0.0011627906976744186,0.0,0.08,0.009588453290503621,-8.530523255813954,-10.9,-6.5,1.835453809689647,-8.514825581395348,-10.8,-6.5,1.8345361815890755,-8.904360465116278,-11.2,-6.9,1.8711897801402295,13.864534883720928,11.6,15.8,1.8540848650550503,14.20436046511628,11.9,16.1,1.7959977040820543,13.84186046511628,11.6,15.8,1.8601053367632605,0.0,Normal,Normal,Normal,16.50485436893204,23.300970873786408,23.3,EDFA telemetry is within the normal dataset distribution.
12|/TO_EAST_LA|EDFA2,12,/TO_EAST_LA,EDFA2,2000-01-01 00:00:00,2000-01-15 07:00:00,23.144767441860466,22.9,23.3,0.1547176624968168,0.0,0.0,0.0,0.0,0.0,0.0,0.0,0.0,-6.620058139534884,-8.9,-4.6,1.8435227391883178,-6.597965116279069,-8.9,-4.6,1.839467358243925,-7.007848837209302,-9.3,-5.0,1.8908316526331024,13.845930232558139,11.4,16.0,2.0009722872253057,14.238953488372092,11.8,16.3,1.9577594911621787,13.823255813953487,11.4,16.0,2.0058616387877466,0.0,Normal,Normal,Normal,16.50485436893204,10.679611650485436,16.5,EDFA telemetry is within the normal dataset distribution.
12|/TO_WEST_LA|EDFA2,12,/TO_WEST_LA,EDFA2,2000-01-01 00:00:00,2000-01-15 07:00:00,23.450581395348838,23.4,23.5,0.050069448006777456,0.0,0.0,0.0,0.0,0.0,0.0,0.0,0.0,-9.730232558139534,-10.1,-9.3,0.29239925077251033,-9.69825581395349,-10.1,-9.2,0.2935603974707495,-10.148546511627906,-10.6,-9.7,0.2920684913873202,11.315116279069768,10.9,11.7,0.28119588095488784,11.75436046511628,11.4,12.2,0.28993544723547426,11.279651162790698,10.9,11.7,0.28303621490735414,0.0,Normal,Normal,Normal,16.50485436893204,10.679611650485436,16.5,EDFA telemetry is within the normal dataset distribution.
14|/TO_WEST_LA|EDFA3,14,/TO_WEST_LA,EDFA3,2000-01-01 00:00:00,2000-01-15 07:00:00,21.95174418604651,21.9,22.0,0.05004235781244509,0.0,0.0,0.0,0.0,0.0,0.0,0.0,0.0,-9.28110465116279,-9.5,-9.0,0.14435116955962446,-9.275290697674418,-9.5,-9.0,0.14326442890542793,-9.51656976744186,-9.7,-9.3,0.13782517685413123,11.445639534883721,11.2,11.7,0.17673306206094835,11.702906976744186,11.4,11.9,0.10713731990121045,11.440116279069768,11.2,11.7,0.18171835566001873,0.0,Normal,Normal,Normal,16.50485436893204,10.679611650485436,16.5,EDFA telemetry is within the normal dataset distribution.
17|/TO_EAST_LA|EDFA3,17,/TO_EAST_LA,EDFA3,2000-01-01 00:00:00,2000-01-15 07:00:00,21.968115942028984,21.9,22.0,0.0466703980404334,0.0,0.0,0.0,0.0,0.0,0.0,0.0,0.0,-6.290406976744186,-9.0,-4.0,2.2051743701991575,-6.251162790697674,-8.9,-4.0,2.1930446206394913,-6.847383720930233,-9.6,-4.4,2.3270983479719214,13.863953488372092,11.2,16.2,2.2833233817111473,14.462790697674418,11.9,16.7,2.136496492435046,13.830523255813953,11.1,16.2,2.2989093026835334,0.0,Normal,Normal,Normal,16.50485436893204,10.679611650485436,16.5,EDFA telemetry is within the normal dataset distribution.
4|/TO_EAST_LA|EDFA3,4,/TO_EAST_LA,EDFA3,2000-01-01 00:00:00,2000-01-15 07:00:00,26.974127906976744,24.9,28.8,1.9075114207592019,0.0,0.0,0.0,0.0,0.0,0.0,0.0,0.0,-11.631976744186046,-12.0,-11.3,0.09271190861946561,-11.622093023255815,-12.0,-11.3,0.09245742891242237,-11.731395348837209,-12.1,-11.4,0.09291097705655611,14.23517441860465,11.9,16.3,1.9193539285439665,14.349127906976745,12.0,16.4,1.912746669145393,14.234011627906977,11.9,16.3,1.918250587813979,0.0,Normal,Normal,Normal,16.50485436893204,10.679611650485436,16.5,EDFA telemetry is within the normal dataset distribution.
4|/TO_WEST_LA|EDFA3,4,/TO_WEST_LA,EDFA3,2000-01-01 00:00:00,2000-01-15 07:00:00,21.95174418604651,21.9,22.0,0.050042357812445794,0.0,0.0,0.0,0.0,0.0,0.0,0.0,0.0,-9.351453488372094,-9.9,-8.6,0.43984914342008835,-9.269186046511628,-9.8,-8.5,0.4437232218932154,-10.287790697674419,-10.9,-9.5,0.4032257718948662,10.582848837209303,10.1,11.3,0.3934922811618025,11.584593023255813,11.0,12.3,0.4473059721497776,10.484302325581394,10.0,11.2,0.3885955595678649,0.0,Normal,Normal,Normal,16.50485436893204,10.679611650485436,16.5,EDFA telemetry is within the normal dataset distribution.
6|/TO_EAST_LA|EDFA3,6,/TO_EAST_LA,EDFA3,2000-01-01 00:00:00,2000-01-15 07:00:00,24.379941860465113,24.3,24.4,0.040101868725103657,0.0,0.0,0.0,0.0,0.0,0.0,0.0,0.0,-8.230523255813955,-10.7,-6.1,2.0025854322479613,-8.223546511627907,-10.7,-6.1,2.001121604783338,-8.338662790697674,-10.8,-6.2,2.006415210455089,14.143023255813953,11.7,16.3,1.9768656581470976,14.263953488372094,11.8,16.4,1.9595568482598633,14.133720930232558,11.7,16.3,1.974907339752984,0.0,Normal,Normal,Normal,16.50485436893204,10.679611650485436,16.5,EDFA telemetry is within the normal dataset distribution.
8|/TO_EAST_LA|EDFA2,8,/TO_EAST_LA,EDFA2,2000-01-01 00:00:00,2000-01-15 07:00:00,16.70523255813953,16.7,16.8,0.022300714166343875,0.0,0.0,0.0,0.0,0.0,0.0,0.0,0.0,-1.5604651162790697,-3.7,0.3,1.7367258542029973,-1.4584302325581395,-3.7,0.5,1.8243857965016372,-1.7174418604651165,-4.0,0.3,1.832835707668262,13.818023255813953,11.6,15.8,1.8284504550337137,14.092151162790698,11.8,16.1,1.8007196554085696,13.804069767441861,11.6,15.8,1.8262695191658755,0.0,Normal,Normal,Normal,16.50485436893204,10.679611650485436,16.5,EDFA telemetry is within the normal dataset distribution.
9|/TO_EAST_LA|EDFA2,9,/TO_EAST_LA,EDFA2,2000-01-01 00:00:00,2000-01-15 07:00:00,17.54767441860465,17.4,17.8,0.15740367534248179,0.0,0.0,0.0,0.0,0.0,0.0,0.0,0.0,-2.3526162790697676,-4.7,-0.2,1.9779083434302986,-2.343313953488372,-4.7,-0.2,1.9732649108607978,-2.6270348837209303,-5.0,-0.5,1.9959277606170363,13.981395348837207,11.8,15.9,1.7964988059727975,14.19593023255814,12.1,16.1,1.761157105656236,13.975872093023256,11.8,15.8,1.801529750328328,0.0,Normal,Normal,Normal,16.50485436893204,10.679611650485436,16.5,EDFA telemetry is within the normal dataset distribution.
42|/TO_EAST_LA|EDFA3,42,/TO_EAST_LA,EDFA3,2000-01-08 13:00:00,2000-01-15 07:00:00,21.96073619631902,21.9,22.0,0.048984228782265354,-1.0,-1.0,-1.0,0.0,8.749386503067486,8.65,8.75,0.00783260449987932,-4.233128834355829,-4.3,-4.2,0.047212698025062554,-4.206748466257669,-4.3,-4.2,0.02516325548583599,-4.388343558282209,-4.4,-4.3,0.032188944572517066,16.4,16.4,16.4,0.0,16.6,16.6,16.6,0.0,16.4,16.4,16.4,0.0,1.0,Normal,Warning,Warning,40.77669902912621,98.05825242718447,98.06,EDFA tilt or attenuation is above dataset P90. Check amplifier gain profile and optical section behavior.
16|/TO_WEST_LA|EDFA3,16,/TO_WEST_LA,EDFA3,2000-01-01 00:00:00,2000-01-15 07:00:00,21.962209302325583,21.9,22.0,0.04855704859861636,0.0,0.0,0.0,0.0,8.662383720930231,8.59,8.69,0.0447749587982551,-9.141279069767442,-9.7,-8.6,0.47144043649045925,-9.132848837209302,-9.7,-8.6,0.47330735130917345,-9.334302325581396,-9.9,-8.7,0.47175385363579675,11.759593023255814,11.2,12.3,0.4595229590804199,11.97063953488372,11.4,12.5,0.467090302549349,11.75610465116279,11.2,12.3,0.45805769504503074,0.0,Normal,Warning,Warning,16.50485436893204,97.0873786407767,97.09,EDFA tilt or attenuation is above dataset P90. Check amplifier gain profile and optical section behavior.
43|/TO_WEST_LA|EDFA3,43,/TO_WEST_LA,EDFA3,2000-01-08 13:00:00,2000-01-15 07:00:00,22.0,22.0,22.0,0.0,-1.2,-1.2,-1.2,0.0,8.586319018404907,8.49,8.59,0.018887485412393167,-4.9822085889570555,-5.0,-4.9,0.03836189821185075,-4.965644171779141,-5.0,-4.9,0.047635923909233616,-5.294478527607362,-5.3,-5.2,0.022910275182323418,15.360736196319019,15.3,15.4,0.04898422878226437,15.699386503067485,15.6,15.8,0.030422807630390625,15.360122699386505,15.3,15.4,0.0491154815810656,1.2,Normal,Warning,Warning,56.79611650485437,96.11650485436894,96.12,EDFA tilt or attenuation is above dataset P90. Check amplifier gain profile and optical section behavior.
39|/D2/OA-W/EGR_EDFA|EDFA2,39,/D2/OA-W/EGR_EDFA,EDFA2,2000-01-08 13:00:00,2000-01-15 07:00:00,19.0,19.0,19.0,0.0,-1.0,-1.0,-1.0,0.0,8.411656441717792,8.4,8.5,0.03218894457251744,-2.9546012269938653,-3.1,-2.7,0.12080105775216028,-2.9546012269938653,-3.1,-2.7,0.12080105775216028,-3.0552147239263805,-3.3,-2.8,0.12179388287317446,15.177300613496934,15.0,15.4,0.07560506016847067,15.233128834355828,15.2,15.4,0.07458131259329703,15.174846625766872,14.8,15.3,0.0772550356201317,1.0,Normal,Warning,Warning,40.77669902912621,95.14563106796116,95.15,EDFA tilt or attenuation is above dataset P90. Check amplifier gain profile and optical section behavior.
25|/TO_EAST_LA|EDFA3,25,/TO_EAST_LA,EDFA3,2000-01-08 13:00:00,2000-01-15 07:00:00,22.0,22.0,22.0,0.0,-1.2,-1.2,-1.2,0.0,8.15,8.15,8.15,0.0,-3.4828220858895707,-3.5,-3.4,0.037835074237217936,-3.4582822085889573,-3.5,-3.4,0.04946123425327651,-3.6490797546012272,-3.7,-3.6,0.050145588237575846,16.999386503067484,16.9,17.1,0.01755742787251253,17.194478527607362,17.1,17.2,0.02291027518232398,16.996932515337424,16.9,17.0,0.017296659505632098,1.2,Normal,Warning,Warning,56.79611650485437,94.1747572815534,94.17,EDFA tilt or attenuation is above dataset P90. Check amplifier gain profile and optical section behavior.
34|/TO_EAST_LA|EDFA2,34,/TO_EAST_LA,EDFA2,2000-01-08 13:00:00,2000-01-15 07:00:00,14.992024539877299,14.9,15.0,0.02717477745777457,-1.6,-1.6,-1.6,0.0,0.0,0.0,0.0,0.0,2.6773006134969326,2.5,2.8,0.059109245476962974,2.9773006134969324,2.8,3.1,0.0631484763185122,2.6447852760736197,2.5,2.7,0.05999318298015189,16.53865030674847,16.4,16.6,0.08113785964902216,16.87361963190184,16.6,16.9,0.04821277539174338,16.51717791411043,16.1,16.6,0.10339609326176376,1.6,Warning,Normal,Warning,93.68932038834951,10.679611650485436,93.69,EDFA tilt or attenuation is above dataset P90. Check amplifier gain profile and optical section behavior.
36|/TO_EAST_LA|EDFA3,36,/TO_EAST_LA,EDFA3,2000-01-08 13:00:00,2000-01-15 07:00:00,21.990184049079755,21.9,22.0,0.029844709038251385,-1.6,-1.6,-1.6,0.0,0.8520245398773005,0.76,0.86,0.027174777457774583,-3.7092024539877304,-4.2,-3.5,0.14648550088404488,-3.6914110429447855,-4.2,-3.5,0.14840667059570037,-4.074233128834356,-4.7,-3.9,0.22841076196111265,16.908588957055215,16.3,17.1,0.22700377247263356,17.254601226993866,16.7,17.4,0.14538261736048091,16.87116564417178,16.3,17.1,0.23113352625817374,1.6,Warning,Normal,Warning,93.68932038834951,47.57281553398058,93.69,EDFA tilt or attenuation is above dataset P90. Check amplifier gain profile and optical section behavior.
37|/TO_EAST_LA|EDFA2,37,/TO_EAST_LA,EDFA2,2000-01-08 13:00:00,2000-01-15 07:00:00,14.998765432098766,14.9,15.0,0.011076550806205267,-1.5999999999999999,-1.6,-1.6,0.0,0.0006172839506172839,0.0,0.1,0.00785674201318386,3.0246913580246915,2.5,3.2,0.22569746374792019,3.3814814814814813,2.8,3.6,0.14795593696186582,3.0,2.4,3.2,0.23617027229422444,16.726543209876542,16.1,16.9,0.23240391319134415,17.09135802469136,16.6,17.3,0.14333865633890325,16.714814814814815,16.1,16.9,0.23010184680567136,1.6,Warning,Normal,Warning,93.68932038834951,22.330097087378643,93.69,EDFA tilt or attenuation is above dataset P90. Check amplifier gain profile and optical section behavior.
38|/TO_EAST_LA|EDFA3,38,/TO_EAST_LA,EDFA3,2000-01-08 13:00:00,2000-01-15 07:00:00,25.7760736196319,25.7,25.8,0.04279488233540856,-1.6,-1.6,-1.6,0.0,1.4975460122699387,1.4,1.6,0.055500995703890846,-7.539263803680982,-8.1,-7.4,0.14800549823874548,-7.526993865030676,-8.1,-7.3,0.14951004330328246,-7.890184049079754,-8.5,-7.7,0.23418224514580094,16.704907975460124,16.1,16.9,0.22846878409614269,17.044171779141106,16.5,17.2,0.15834723506581588,16.68588957055215,16.1,16.9,0.23409328641036978,1.6,Warning,Normal,Warning,93.68932038834951,53.398058252427184,93.69,EDFA tilt or attenuation is above dataset P90. Check amplifier gain profile and optical section behavior.
35|/TO_EAST_LA|EDFA2,35,/TO_EAST_LA,EDFA2,2000-01-08 13:00:00,2000-01-15 07:00:00,18.38957055214724,18.3,18.4,0.030658406561709775,0.0,0.0,0.0,0.0,6.69,6.69,6.69,0.0,0.22085889570552147,0.1,0.3,0.06615916808900936,0.44110429447852767,0.4,0.5,0.0493539263197165,0.19693251533742331,0.1,0.3,0.06228500095234828,17.139263803680983,17.0,17.2,0.05925002768357675,17.44478527607362,17.3,17.6,0.06201689757103929,17.120858895705524,17.0,17.2,0.06426602478746386,0.0,Normal,Warning,Warning,16.50485436893204,93.20388349514563,93.2,EDFA tilt or attenuation is above dataset P90. Check amplifier gain profile and optical section behavior.
16|/TO_EAST_LA|EDFA2,16,/TO_EAST_LA,EDFA2,2000-01-01 00:00:00,2000-01-15 07:00:00,14.987209302325583,14.9,15.0,0.03344727063923835,0.0,0.0,0.0,0.0,5.7446511627906975,5.69,5.79,0.04985571425164746,0.43633720930232556,-1.9,2.5,1.9173412903204528,0.6779069767441861,-1.9,2.9,2.1192798800489623,0.09302325581395349,-2.6,2.4,2.251545148627694,13.783430232558139,11.1,16.1,2.276867799128918,14.365988372093023,11.7,16.6,2.155075414151611,13.766279069767442,11.0,16.1,2.285605123164514,0.0,Normal,Warning,Warning,16.50485436893204,91.2621359223301,91.26,EDFA tilt or attenuation is above dataset P90. Check amplifier gain profile and optical section behavior.
41|/TO_WEST_LA|EDFA3,41,/TO_WEST_LA,EDFA3,2000-01-08 13:00:00,2000-01-15 07:00:00,21.93558282208589,21.9,22.0,0.04802389013902784,-1.2,-1.2,-1.2,0.0,5.477791411042944,5.46,5.56,0.03836189821185077,-4.4963190184049076,-4.5,-4.4,0.018887485412393015,-4.495705521472392,-4.5,-4.4,0.02033574136176418,-4.829447852760737,-4.9,-4.8,0.045721264115009715,15.721472392638036,15.7,15.8,0.041189611671781035,16.05521472392638,16.0,16.1,0.049880566285668386,15.704294478527606,15.7,15.8,0.0203357413617645,1.2,Normal,Warning,Warning,56.79611650485437,90.29126213592234,90.29,EDFA tilt or attenuation is above dataset P90. Check amplifier gain profile and optical section behavior.
19|/D1/OA-W/EGR_EDFA|EDFA2,19,/D1/OA-W/EGR_EDFA,EDFA2,2000-01-08 13:00:00,2000-01-15 07:00:00,18.904907975460123,18.9,19.0,0.021670031025391404,-1.5,-1.5,-1.5,0.0,1.5293251533742331,1.36,1.66,0.0803781866050782,-1.6,-1.6,-1.6,0.0,-1.6,-1.6,-1.6,0.0,-1.6999999999999997,-1.7,-1.7,0.0,16.3,16.3,16.3,0.0,16.4,16.4,16.4,0.0,16.3,16.3,16.3,0.0,1.5,Warning,Normal,Warning,89.32038834951457,54.36893203883495,89.32,EDFA tilt or attenuation is above dataset P90. Check amplifier gain profile and optical section behavior.
28|/TO_WEST_LA|EDFA2,28,/TO_WEST_LA,EDFA2,2000-01-08 13:00:00,2000-01-15 07:00:00,15.0,15.0,15.0,0.0,-1.5,-1.5,-1.5,0.0,0.0,0.0,0.0,0.0,1.5822085889570554,1.4,1.8,0.10768050902804967,1.838036809815951,1.7,2.1,0.11396804238933024,1.5558282208588956,1.4,1.8,0.11920423365855684,15.487730061349692,15.3,15.7,0.10586096526709218,15.754601226993865,15.6,16.0,0.11821849095392645,15.467484662576686,15.3,15.7,0.11215258322395223,1.5,Warning,Normal,Warning,89.32038834951457,10.679611650485436,89.32,EDFA tilt or attenuation is above dataset P90. Check amplifier gain profile and optical section behavior.
51|/TO_WEST_LA|EDFA3,51,/TO_WEST_LA,EDFA3,2000-01-08 13:00:00,2000-01-15 07:00:00,25.28588957055215,25.2,25.3,0.034920192279350136,-1.5,-1.5,-1.5,0.0,0.00030674846625766873,0.0,0.05,0.003916302249939788,-8.3,-8.3,-8.3,0.0,-8.3,-8.3,-8.3,0.0,-8.4,-8.4,-8.4,0.0,15.599999999999998,15.6,15.6,0.0,15.7,15.7,15.7,0.0,15.599999999999998,15.6,15.6,0.0,1.5,Warning,Normal,Warning,89.32038834951457,21.35922330097087,89.32,EDFA tilt or attenuation is above dataset P90. Check amplifier gain profile and optical section behavior.
52|/TO_WEST_LA|EDFA3,52,/TO_WEST_LA,EDFA3,2000-01-08 13:00:00,2000-01-15 07:00:00,21.958282208588955,21.9,22.0,0.04946123425327693,-1.5,-1.5,-1.5,0.0,0.0,0.0,0.0,0.0,-4.8,-4.8,-4.8,0.0,-4.8,-4.8,-4.8,0.0,-5.0,-5.0,-5.0,0.0,15.696319018404909,15.6,15.7,0.018887485412393056,15.769325153374234,15.7,15.8,0.04625651551511243,15.696319018404909,15.6,15.7,0.018887485412393056,1.5,Warning,Normal,Warning,89.32038834951457,10.679611650485436,89.32,EDFA tilt or attenuation is above dataset P90. Check amplifier gain profile and optical section behavior.
53|/TO_WEST_LA|EDFA3,53,/TO_WEST_LA,EDFA3,2000-01-08 13:00:00,2000-01-15 07:00:00,22.0,22.0,22.0,0.0,-1.5,-1.5,-1.5,0.0,1.6319018404907975,1.5,1.7,0.052944790103095225,-5.5,-5.5,-5.5,0.0,-5.5,-5.5,-5.5,0.0,-5.5,-5.5,-5.5,0.0,15.7,15.7,15.7,0.0,15.8,15.8,15.8,0.0,15.7,15.7,15.7,0.0,1.5,Warning,Normal,Warning,89.32038834951457,55.33980582524271,89.32,EDFA tilt or attenuation is above dataset P90. Check amplifier gain profile and optical section behavior.
